sample_name	barcode	primer	run_date	experiment_design_description	library_construction_protocol	linker	platform	run_center	run_prefix	pcr_primers	sequencing_method	target_gene	target_subfragment	center_name	center_project_name	instrument_model
CDD03.Tc.LFLF.1.18	TCCATACCGGAA	GTGYCAGCMGCCGCGGTAA	08/15/2024	Isolated bacteria to describe gut microbiome	Earth Microbiome Project, 16S	GT	Illumina	Anschutz Center for Microbiome Excellence (ACME)	SEQ096	FWD:GTGYCAGCMGCCGCGGTAA; REV:GGACTACNVGGGTWTCTAAT	Sequencing by Synthesis	16S rRNA	V4	University of Colorado Anschutz	Diet Mouse C. diff	Illumina MiSeq
CDD03.CR.HFLF.4.Liver	AGCCCTGCTACA	GTGYCAGCMGCCGCGGTAA	08/22/2024	Isolated bacteria to detect bacteremia	Earth Microbiome Project, 16S	GT	Illumina	Anschutz Center for Microbiome Excellence (ACME)	SEQ096	FWD:GTGYCAGCMGCCGCGGTAA; REV:GGACTACNVGGGTWTCTAAT	Sequencing by Synthesis	16S rRNA	V4	University of Colorado Anschutz	Diet Mouse C. diff	Illumina MiSeq
CDD03.CR.LFLF.2.Spleen	CCTAACGGTCCA	GTGYCAGCMGCCGCGGTAA	08/22/2024	Isolated bacteria to detect bacteremia	Earth Microbiome Project, 16S	GT	Illumina	Anschutz Center for Microbiome Excellence (ACME)	SEQ096	FWD:GTGYCAGCMGCCGCGGTAA; REV:GGACTACNVGGGTWTCTAAT	Sequencing by Synthesis	16S rRNA	V4	University of Colorado Anschutz	Diet Mouse C. diff	Illumina MiSeq
CDD03.CR.HFLF.2.Blood	CGCGCCTTAAAC	GTGYCAGCMGCCGCGGTAA	08/22/2024	Isolated bacteria to detect bacteremia	Earth Microbiome Project, 16S	GT	Illumina	Anschutz Center for Microbiome Excellence (ACME)	SEQ096	FWD:GTGYCAGCMGCCGCGGTAA; REV:GGACTACNVGGGTWTCTAAT	Sequencing by Synthesis	16S rRNA	V4	University of Colorado Anschutz	Diet Mouse C. diff	Illumina MiSeq
CDD03.Tc.Chow.3.18	TATGGTACCCAG	GTGYCAGCMGCCGCGGTAA	08/15/2024	Isolated bacteria to describe gut microbiome	Earth Microbiome Project, 16S	GT	Illumina	Anschutz Center for Microbiome Excellence (ACME)	SEQ096	FWD:GTGYCAGCMGCCGCGGTAA; REV:GGACTACNVGGGTWTCTAAT	Sequencing by Synthesis	16S rRNA	V4	University of Colorado Anschutz	Diet Mouse C. diff	Illumina MiSeq
CDD02.CR.LFLF.5.Liver	TACAATATCTGT	GTGYCAGCMGCCGCGGTAA	08/21/2024	Isolated bacteria to detect bacteremia	Earth Microbiome Project, 16S	GT	Illumina	Anschutz Center for Microbiome Excellence (ACME)	SEQ096	FWD:GTGYCAGCMGCCGCGGTAA; REV:GGACTACNVGGGTWTCTAAT	Sequencing by Synthesis	16S rRNA	V4	University of Colorado Anschutz	Diet Mouse C. diff	Illumina MiSeq
CDD02.CR.LFLF.5.Spleen	AATTTAGGTAGG	GTGYCAGCMGCCGCGGTAA	08/21/2024	Isolated bacteria to detect bacteremia	Earth Microbiome Project, 16S	GT	Illumina	Anschutz Center for Microbiome Excellence (ACME)	SEQ096	FWD:GTGYCAGCMGCCGCGGTAA; REV:GGACTACNVGGGTWTCTAAT	Sequencing by Synthesis	16S rRNA	V4	University of Colorado Anschutz	Diet Mouse C. diff	Illumina MiSeq
CDD03.Tc.Chow.4.Liver	GACTCAACCAGT	GTGYCAGCMGCCGCGGTAA	08/22/2024	Isolated bacteria to detect bacteremia	Earth Microbiome Project, 16S	GT	Illumina	Anschutz Center for Microbiome Excellence (ACME)	SEQ096	FWD:GTGYCAGCMGCCGCGGTAA; REV:GGACTACNVGGGTWTCTAAT	Sequencing by Synthesis	16S rRNA	V4	University of Colorado Anschutz	Diet Mouse C. diff	Illumina MiSeq
CDD02.CR.LFLF.2.Liver	GCCTCTACGTCG	GTGYCAGCMGCCGCGGTAA	08/21/2024	Isolated bacteria to detect bacteremia	Earth Microbiome Project, 16S	GT	Illumina	Anschutz Center for Microbiome Excellence (ACME)	SEQ096	FWD:GTGYCAGCMGCCGCGGTAA; REV:GGACTACNVGGGTWTCTAAT	Sequencing by Synthesis	16S rRNA	V4	University of Colorado Anschutz	Diet Mouse C. diff	Illumina MiSeq
CDD03.CR.Chow.3.Blood	ACTACTGAGGAT	GTGYCAGCMGCCGCGGTAA	08/22/2024	Isolated bacteria to detect bacteremia	Earth Microbiome Project, 16S	GT	Illumina	Anschutz Center for Microbiome Excellence (ACME)	SEQ096	FWD:GTGYCAGCMGCCGCGGTAA; REV:GGACTACNVGGGTWTCTAAT	Sequencing by Synthesis	16S rRNA	V4	University of Colorado Anschutz	Diet Mouse C. diff	Illumina MiSeq
CDD02.Tc.LFLF.3.Spleen	AATTCACCTCCT	GTGYCAGCMGCCGCGGTAA	08/21/2024	Isolated bacteria to detect bacteremia	Earth Microbiome Project, 16S	GT	Illumina	Anschutz Center for Microbiome Excellence (ACME)	SEQ096	FWD:GTGYCAGCMGCCGCGGTAA; REV:GGACTACNVGGGTWTCTAAT	Sequencing by Synthesis	16S rRNA	V4	University of Colorado Anschutz	Diet Mouse C. diff	Illumina MiSeq
CDD03.CR.HFHF.1.00	CGTATAAATGCG	GTGYCAGCMGCCGCGGTAA	08/15/2024	Isolated bacteria to describe gut microbiome	Earth Microbiome Project, 16S	GT	Illumina	Anschutz Center for Microbiome Excellence (ACME)	SEQ096	FWD:GTGYCAGCMGCCGCGGTAA; REV:GGACTACNVGGGTWTCTAAT	Sequencing by Synthesis	16S rRNA	V4	University of Colorado Anschutz	Diet Mouse C. diff	Illumina MiSeq
CDD03.Tc.HFHF.1.Spleen	ATGCTGCAACAC	GTGYCAGCMGCCGCGGTAA	08/22/2024	Isolated bacteria to detect bacteremia	Earth Microbiome Project, 16S	GT	Illumina	Anschutz Center for Microbiome Excellence (ACME)	SEQ096	FWD:GTGYCAGCMGCCGCGGTAA; REV:GGACTACNVGGGTWTCTAAT	Sequencing by Synthesis	16S rRNA	V4	University of Colorado Anschutz	Diet Mouse C. diff	Illumina MiSeq
CDD03.CR.HFLF.3.Liver	ACTCGCTCGCTG	GTGYCAGCMGCCGCGGTAA	08/22/2024	Isolated bacteria to detect bacteremia	Earth Microbiome Project, 16S	GT	Illumina	Anschutz Center for Microbiome Excellence (ACME)	SEQ096	FWD:GTGYCAGCMGCCGCGGTAA; REV:GGACTACNVGGGTWTCTAAT	Sequencing by Synthesis	16S rRNA	V4	University of Colorado Anschutz	Diet Mouse C. diff	Illumina MiSeq
CDD03.CR.HFLF.3.Spleen	TTCCTTAGTAGT	GTGYCAGCMGCCGCGGTAA	08/22/2024	Isolated bacteria to detect bacteremia	Earth Microbiome Project, 16S	GT	Illumina	Anschutz Center for Microbiome Excellence (ACME)	SEQ096	FWD:GTGYCAGCMGCCGCGGTAA; REV:GGACTACNVGGGTWTCTAAT	Sequencing by Synthesis	16S rRNA	V4	University of Colorado Anschutz	Diet Mouse C. diff	Illumina MiSeq
CDD02.CR.LFLF.2.Spleen	CGTCCGTATGAA	GTGYCAGCMGCCGCGGTAA	08/21/2024	Isolated bacteria to detect bacteremia	Earth Microbiome Project, 16S	GT	Illumina	Anschutz Center for Microbiome Excellence (ACME)	SEQ096	FWD:GTGYCAGCMGCCGCGGTAA; REV:GGACTACNVGGGTWTCTAAT	Sequencing by Synthesis	16S rRNA	V4	University of Colorado Anschutz	Diet Mouse C. diff	Illumina MiSeq
CDD03.Tc.LFLF.2.Blood	ACGTGAGGAACG	GTGYCAGCMGCCGCGGTAA	08/22/2024	Isolated bacteria to detect bacteremia	Earth Microbiome Project, 16S	GT	Illumina	Anschutz Center for Microbiome Excellence (ACME)	SEQ096	FWD:GTGYCAGCMGCCGCGGTAA; REV:GGACTACNVGGGTWTCTAAT	Sequencing by Synthesis	16S rRNA	V4	University of Colorado Anschutz	Diet Mouse C. diff	Illumina MiSeq
CDD03.CR.Chow.2.Spleen	GGTTGCCCTGTA	GTGYCAGCMGCCGCGGTAA	08/22/2024	Isolated bacteria to detect bacteremia	Earth Microbiome Project, 16S	GT	Illumina	Anschutz Center for Microbiome Excellence (ACME)	SEQ096	FWD:GTGYCAGCMGCCGCGGTAA; REV:GGACTACNVGGGTWTCTAAT	Sequencing by Synthesis	16S rRNA	V4	University of Colorado Anschutz	Diet Mouse C. diff	Illumina MiSeq
CDD03.CR.HFHF.2.Liver	CATATAGCCCGA	GTGYCAGCMGCCGCGGTAA	08/22/2024	Isolated bacteria to detect bacteremia	Earth Microbiome Project, 16S	GT	Illumina	Anschutz Center for Microbiome Excellence (ACME)	SEQ096	FWD:GTGYCAGCMGCCGCGGTAA; REV:GGACTACNVGGGTWTCTAAT	Sequencing by Synthesis	16S rRNA	V4	University of Colorado Anschutz	Diet Mouse C. diff	Illumina MiSeq
CDD03.CR.LFLF.2.00	GCCTATGAGATC	GTGYCAGCMGCCGCGGTAA	08/14/2024	Isolated bacteria to describe gut microbiome	Earth Microbiome Project, 16S	GT	Illumina	Anschutz Center for Microbiome Excellence (ACME)	SEQ096	FWD:GTGYCAGCMGCCGCGGTAA; REV:GGACTACNVGGGTWTCTAAT	Sequencing by Synthesis	16S rRNA	V4	University of Colorado Anschutz	Diet Mouse C. diff	Illumina MiSeq
CDD03.CR.Chow.1.Spleen	CAAGTGAAGGGA	GTGYCAGCMGCCGCGGTAA	08/22/2024	Isolated bacteria to detect bacteremia	Earth Microbiome Project, 16S	GT	Illumina	Anschutz Center for Microbiome Excellence (ACME)	SEQ096	FWD:GTGYCAGCMGCCGCGGTAA; REV:GGACTACNVGGGTWTCTAAT	Sequencing by Synthesis	16S rRNA	V4	University of Colorado Anschutz	Diet Mouse C. diff	Illumina MiSeq
CDD03.Tc.HFHF.5.18	CACGTTTATTCC	GTGYCAGCMGCCGCGGTAA	08/15/2024	Isolated bacteria to describe gut microbiome	Earth Microbiome Project, 16S	GT	Illumina	Anschutz Center for Microbiome Excellence (ACME)	SEQ096	FWD:GTGYCAGCMGCCGCGGTAA; REV:GGACTACNVGGGTWTCTAAT	Sequencing by Synthesis	16S rRNA	V4	University of Colorado Anschutz	Diet Mouse C. diff	Illumina MiSeq
CDD03.Tc.HFLF.5.Liver	TAATCGGTGCCA	GTGYCAGCMGCCGCGGTAA	08/22/2024	Isolated bacteria to detect bacteremia	Earth Microbiome Project, 16S	GT	Illumina	Anschutz Center for Microbiome Excellence (ACME)	SEQ096	FWD:GTGYCAGCMGCCGCGGTAA; REV:GGACTACNVGGGTWTCTAAT	Sequencing by Synthesis	16S rRNA	V4	University of Colorado Anschutz	Diet Mouse C. diff	Illumina MiSeq
CDD03.CR.LFLF.4.00	TGACTAATGGCC	GTGYCAGCMGCCGCGGTAA	08/14/2024	Isolated bacteria to describe gut microbiome	Earth Microbiome Project, 16S	GT	Illumina	Anschutz Center for Microbiome Excellence (ACME)	SEQ096	FWD:GTGYCAGCMGCCGCGGTAA; REV:GGACTACNVGGGTWTCTAAT	Sequencing by Synthesis	16S rRNA	V4	University of Colorado Anschutz	Diet Mouse C. diff	Illumina MiSeq
CDD03.CR.Chow.2.00	CGGGACACCCGA	GTGYCAGCMGCCGCGGTAA	08/14/2024	Isolated bacteria to describe gut microbiome	Earth Microbiome Project, 16S	GT	Illumina	Anschutz Center for Microbiome Excellence (ACME)	SEQ096	FWD:GTGYCAGCMGCCGCGGTAA; REV:GGACTACNVGGGTWTCTAAT	Sequencing by Synthesis	16S rRNA	V4	University of Colorado Anschutz	Diet Mouse C. diff	Illumina MiSeq
CDD03.Tc.LFHF.2.Liver	CTGTCTATACTA	GTGYCAGCMGCCGCGGTAA	08/22/2024	Isolated bacteria to detect bacteremia	Earth Microbiome Project, 16S	GT	Illumina	Anschutz Center for Microbiome Excellence (ACME)	SEQ096	FWD:GTGYCAGCMGCCGCGGTAA; REV:GGACTACNVGGGTWTCTAAT	Sequencing by Synthesis	16S rRNA	V4	University of Colorado Anschutz	Diet Mouse C. diff	Illumina MiSeq
CDD03.CR.LFLF.2.18	TATGCCAGAGAT	GTGYCAGCMGCCGCGGTAA	08/21/2024	Isolated bacteria to describe gut microbiome	Earth Microbiome Project, 16S	GT	Illumina	Anschutz Center for Microbiome Excellence (ACME)	SEQ096	FWD:GTGYCAGCMGCCGCGGTAA; REV:GGACTACNVGGGTWTCTAAT	Sequencing by Synthesis	16S rRNA	V4	University of Colorado Anschutz	Diet Mouse C. diff	Illumina MiSeq
CDD03.Tc.Chow.4.Spleen	CGTTTGGAATGA	GTGYCAGCMGCCGCGGTAA	08/22/2024	Isolated bacteria to detect bacteremia	Earth Microbiome Project, 16S	GT	Illumina	Anschutz Center for Microbiome Excellence (ACME)	SEQ096	FWD:GTGYCAGCMGCCGCGGTAA; REV:GGACTACNVGGGTWTCTAAT	Sequencing by Synthesis	16S rRNA	V4	University of Colorado Anschutz	Diet Mouse C. diff	Illumina MiSeq
CDD03.CR.Chow.5.Liver	AAGAACTCATGA	GTGYCAGCMGCCGCGGTAA	08/22/2024	Isolated bacteria to detect bacteremia	Earth Microbiome Project, 16S	GT	Illumina	Anschutz Center for Microbiome Excellence (ACME)	SEQ096	FWD:GTGYCAGCMGCCGCGGTAA; REV:GGACTACNVGGGTWTCTAAT	Sequencing by Synthesis	16S rRNA	V4	University of Colorado Anschutz	Diet Mouse C. diff	Illumina MiSeq
CDD02.CR.HFHF.2.Blood	TGATATCGTCTT	GTGYCAGCMGCCGCGGTAA	08/22/2024	Isolated bacteria to detect bacteremia	Earth Microbiome Project, 16S	GT	Illumina	Anschutz Center for Microbiome Excellence (ACME)	SEQ096	FWD:GTGYCAGCMGCCGCGGTAA; REV:GGACTACNVGGGTWTCTAAT	Sequencing by Synthesis	16S rRNA	V4	University of Colorado Anschutz	Diet Mouse C. diff	Illumina MiSeq
CDD03.CR.LFHF.2.00	CGGTGACCTACT	GTGYCAGCMGCCGCGGTAA	08/15/2024	Isolated bacteria to describe gut microbiome	Earth Microbiome Project, 16S	GT	Illumina	Anschutz Center for Microbiome Excellence (ACME)	SEQ096	FWD:GTGYCAGCMGCCGCGGTAA; REV:GGACTACNVGGGTWTCTAAT	Sequencing by Synthesis	16S rRNA	V4	University of Colorado Anschutz	Diet Mouse C. diff	Illumina MiSeq
CDD02.CR.HFHF.4.Liver	AATGCGCGTATA	GTGYCAGCMGCCGCGGTAA	08/21/2024	Isolated bacteria to detect bacteremia	Earth Microbiome Project, 16S	GT	Illumina	Anschutz Center for Microbiome Excellence (ACME)	SEQ096	FWD:GTGYCAGCMGCCGCGGTAA; REV:GGACTACNVGGGTWTCTAAT	Sequencing by Synthesis	16S rRNA	V4	University of Colorado Anschutz	Diet Mouse C. diff	Illumina MiSeq
CDD03.Tc.Chow.4.18	CTTGATTCTTGA	GTGYCAGCMGCCGCGGTAA	08/15/2024	Isolated bacteria to describe gut microbiome	Earth Microbiome Project, 16S	GT	Illumina	Anschutz Center for Microbiome Excellence (ACME)	SEQ096	FWD:GTGYCAGCMGCCGCGGTAA; REV:GGACTACNVGGGTWTCTAAT	Sequencing by Synthesis	16S rRNA	V4	University of Colorado Anschutz	Diet Mouse C. diff	Illumina MiSeq
CDD02.Tc.HFLF.2.Spleen	GAAATCTTGAAG	GTGYCAGCMGCCGCGGTAA	08/22/2024	Isolated bacteria to detect bacteremia	Earth Microbiome Project, 16S	GT	Illumina	Anschutz Center for Microbiome Excellence (ACME)	SEQ096	FWD:GTGYCAGCMGCCGCGGTAA; REV:GGACTACNVGGGTWTCTAAT	Sequencing by Synthesis	16S rRNA	V4	University of Colorado Anschutz	Diet Mouse C. diff	Illumina MiSeq
CDD03.CR.LFLF.5.Blood	GAGATACAGTTC	GTGYCAGCMGCCGCGGTAA	08/22/2024	Isolated bacteria to detect bacteremia	Earth Microbiome Project, 16S	GT	Illumina	Anschutz Center for Microbiome Excellence (ACME)	SEQ096	FWD:GTGYCAGCMGCCGCGGTAA; REV:GGACTACNVGGGTWTCTAAT	Sequencing by Synthesis	16S rRNA	V4	University of Colorado Anschutz	Diet Mouse C. diff	Illumina MiSeq
CDD03.CR.HFLF.1.00	GTGGAGTCTCAT	GTGYCAGCMGCCGCGGTAA	08/14/2024	Isolated bacteria to describe gut microbiome	Earth Microbiome Project, 16S	GT	Illumina	Anschutz Center for Microbiome Excellence (ACME)	SEQ096	FWD:GTGYCAGCMGCCGCGGTAA; REV:GGACTACNVGGGTWTCTAAT	Sequencing by Synthesis	16S rRNA	V4	University of Colorado Anschutz	Diet Mouse C. diff	Illumina MiSeq
CDD03.CR.Chow.1.Liver	ACCTTACACCTT	GTGYCAGCMGCCGCGGTAA	08/22/2024	Isolated bacteria to detect bacteremia	Earth Microbiome Project, 16S	GT	Illumina	Anschutz Center for Microbiome Excellence (ACME)	SEQ096	FWD:GTGYCAGCMGCCGCGGTAA; REV:GGACTACNVGGGTWTCTAAT	Sequencing by Synthesis	16S rRNA	V4	University of Colorado Anschutz	Diet Mouse C. diff	Illumina MiSeq
CDD03.CR.Chow.3.00	TAATCTCGCCGG	GTGYCAGCMGCCGCGGTAA	08/14/2024	Isolated bacteria to describe gut microbiome	Earth Microbiome Project, 16S	GT	Illumina	Anschutz Center for Microbiome Excellence (ACME)	SEQ096	FWD:GTGYCAGCMGCCGCGGTAA; REV:GGACTACNVGGGTWTCTAAT	Sequencing by Synthesis	16S rRNA	V4	University of Colorado Anschutz	Diet Mouse C. diff	Illumina MiSeq
CDD02.CR.HFHF.4.Spleen	ATCTAGTGGCAA	GTGYCAGCMGCCGCGGTAA	08/21/2024	Isolated bacteria to detect bacteremia	Earth Microbiome Project, 16S	GT	Illumina	Anschutz Center for Microbiome Excellence (ACME)	SEQ096	FWD:GTGYCAGCMGCCGCGGTAA; REV:GGACTACNVGGGTWTCTAAT	Sequencing by Synthesis	16S rRNA	V4	University of Colorado Anschutz	Diet Mouse C. diff	Illumina MiSeq
CDD02.CR.HFHF.2.Spleen	ACGCTTAACGAC	GTGYCAGCMGCCGCGGTAA	08/21/2024	Isolated bacteria to detect bacteremia	Earth Microbiome Project, 16S	GT	Illumina	Anschutz Center for Microbiome Excellence (ACME)	SEQ096	FWD:GTGYCAGCMGCCGCGGTAA; REV:GGACTACNVGGGTWTCTAAT	Sequencing by Synthesis	16S rRNA	V4	University of Colorado Anschutz	Diet Mouse C. diff	Illumina MiSeq
CDD02.Tc.LFLF.1.Spleen	TACGGATTATGG	GTGYCAGCMGCCGCGGTAA	08/22/2024	Isolated bacteria to detect bacteremia	Earth Microbiome Project, 16S	GT	Illumina	Anschutz Center for Microbiome Excellence (ACME)	SEQ096	FWD:GTGYCAGCMGCCGCGGTAA; REV:GGACTACNVGGGTWTCTAAT	Sequencing by Synthesis	16S rRNA	V4	University of Colorado Anschutz	Diet Mouse C. diff	Illumina MiSeq
CDD03.CR.HFLF.5.00	ATACATGCAAGA	GTGYCAGCMGCCGCGGTAA	08/15/2024	Isolated bacteria to describe gut microbiome	Earth Microbiome Project, 16S	GT	Illumina	Anschutz Center for Microbiome Excellence (ACME)	SEQ096	FWD:GTGYCAGCMGCCGCGGTAA; REV:GGACTACNVGGGTWTCTAAT	Sequencing by Synthesis	16S rRNA	V4	University of Colorado Anschutz	Diet Mouse C. diff	Illumina MiSeq
CDD02.Tc.HFLF.3.Blood	CTTAGTGCAGAA	GTGYCAGCMGCCGCGGTAA	08/22/2024	Isolated bacteria to detect bacteremia	Earth Microbiome Project, 16S	GT	Illumina	Anschutz Center for Microbiome Excellence (ACME)	SEQ096	FWD:GTGYCAGCMGCCGCGGTAA; REV:GGACTACNVGGGTWTCTAAT	Sequencing by Synthesis	16S rRNA	V4	University of Colorado Anschutz	Diet Mouse C. diff	Illumina MiSeq
CDD03.CR.HFHF.4.00	AATCTTGCGCCG	GTGYCAGCMGCCGCGGTAA	08/15/2024	Isolated bacteria to describe gut microbiome	Earth Microbiome Project, 16S	GT	Illumina	Anschutz Center for Microbiome Excellence (ACME)	SEQ096	FWD:GTGYCAGCMGCCGCGGTAA; REV:GGACTACNVGGGTWTCTAAT	Sequencing by Synthesis	16S rRNA	V4	University of Colorado Anschutz	Diet Mouse C. diff	Illumina MiSeq
CDD03.Tc.Chow.5.18	AGGATCAGGGAA	GTGYCAGCMGCCGCGGTAA	08/15/2024	Isolated bacteria to describe gut microbiome	Earth Microbiome Project, 16S	GT	Illumina	Anschutz Center for Microbiome Excellence (ACME)	SEQ096	FWD:GTGYCAGCMGCCGCGGTAA; REV:GGACTACNVGGGTWTCTAAT	Sequencing by Synthesis	16S rRNA	V4	University of Colorado Anschutz	Diet Mouse C. diff	Illumina MiSeq
CDD03.CR.HFLF.2.Reproductive	AATAACTAGGGT	GTGYCAGCMGCCGCGGTAA	08/22/2024	Isolated bacteria to detect bacteremia	Earth Microbiome Project, 16S	GT	Illumina	Anschutz Center for Microbiome Excellence (ACME)	SEQ096	FWD:GTGYCAGCMGCCGCGGTAA; REV:GGACTACNVGGGTWTCTAAT	Sequencing by Synthesis	16S rRNA	V4	University of Colorado Anschutz	Diet Mouse C. diff	Illumina MiSeq
CDD02.Tc.HFLF.2.Liver	TATTGCAGCAGC	GTGYCAGCMGCCGCGGTAA	08/22/2024	Isolated bacteria to detect bacteremia	Earth Microbiome Project, 16S	GT	Illumina	Anschutz Center for Microbiome Excellence (ACME)	SEQ096	FWD:GTGYCAGCMGCCGCGGTAA; REV:GGACTACNVGGGTWTCTAAT	Sequencing by Synthesis	16S rRNA	V4	University of Colorado Anschutz	Diet Mouse C. diff	Illumina MiSeq
CDD03.Tc.LFHF.4.18	TGATGTGCTAAG	GTGYCAGCMGCCGCGGTAA	08/15/2024	Isolated bacteria to describe gut microbiome	Earth Microbiome Project, 16S	GT	Illumina	Anschutz Center for Microbiome Excellence (ACME)	SEQ096	FWD:GTGYCAGCMGCCGCGGTAA; REV:GGACTACNVGGGTWTCTAAT	Sequencing by Synthesis	16S rRNA	V4	University of Colorado Anschutz	Diet Mouse C. diff	Illumina MiSeq
CDD03.CR.LFLF.2.Blood	GTAGTAGACCAT	GTGYCAGCMGCCGCGGTAA	08/22/2024	Isolated bacteria to detect bacteremia	Earth Microbiome Project, 16S	GT	Illumina	Anschutz Center for Microbiome Excellence (ACME)	SEQ096	FWD:GTGYCAGCMGCCGCGGTAA; REV:GGACTACNVGGGTWTCTAAT	Sequencing by Synthesis	16S rRNA	V4	University of Colorado Anschutz	Diet Mouse C. diff	Illumina MiSeq
CDD03.CR.LFLF.1.Liver	AGTAAAGATCGT	GTGYCAGCMGCCGCGGTAA	08/22/2024	Isolated bacteria to detect bacteremia	Earth Microbiome Project, 16S	GT	Illumina	Anschutz Center for Microbiome Excellence (ACME)	SEQ096	FWD:GTGYCAGCMGCCGCGGTAA; REV:GGACTACNVGGGTWTCTAAT	Sequencing by Synthesis	16S rRNA	V4	University of Colorado Anschutz	Diet Mouse C. diff	Illumina MiSeq
CDD03.CR.LFLF.5.00	CTCGCCCTCGCC	GTGYCAGCMGCCGCGGTAA	08/14/2024	Isolated bacteria to describe gut microbiome	Earth Microbiome Project, 16S	GT	Illumina	Anschutz Center for Microbiome Excellence (ACME)	SEQ096	FWD:GTGYCAGCMGCCGCGGTAA; REV:GGACTACNVGGGTWTCTAAT	Sequencing by Synthesis	16S rRNA	V4	University of Colorado Anschutz	Diet Mouse C. diff	Illumina MiSeq
CDD03.CR.Chow.5.18	TCTCTTTCGACA	GTGYCAGCMGCCGCGGTAA	08/21/2024	Isolated bacteria to describe gut microbiome	Earth Microbiome Project, 16S	GT	Illumina	Anschutz Center for Microbiome Excellence (ACME)	SEQ096	FWD:GTGYCAGCMGCCGCGGTAA; REV:GGACTACNVGGGTWTCTAAT	Sequencing by Synthesis	16S rRNA	V4	University of Colorado Anschutz	Diet Mouse C. diff	Illumina MiSeq
CDD03.CR.LFLF.4.18	GTTGATACGATG	GTGYCAGCMGCCGCGGTAA	08/21/2024	Isolated bacteria to describe gut microbiome	Earth Microbiome Project, 16S	GT	Illumina	Anschutz Center for Microbiome Excellence (ACME)	SEQ096	FWD:GTGYCAGCMGCCGCGGTAA; REV:GGACTACNVGGGTWTCTAAT	Sequencing by Synthesis	16S rRNA	V4	University of Colorado Anschutz	Diet Mouse C. diff	Illumina MiSeq
CDD03.CR.HFLF.4.Spleen	GTCAACGCTGTC	GTGYCAGCMGCCGCGGTAA	08/22/2024	Isolated bacteria to detect bacteremia	Earth Microbiome Project, 16S	GT	Illumina	Anschutz Center for Microbiome Excellence (ACME)	SEQ096	FWD:GTGYCAGCMGCCGCGGTAA; REV:GGACTACNVGGGTWTCTAAT	Sequencing by Synthesis	16S rRNA	V4	University of Colorado Anschutz	Diet Mouse C. diff	Illumina MiSeq
CDD02.CR.HFHF.4.Blood	TGAGACCCTACA	GTGYCAGCMGCCGCGGTAA	08/22/2024	Isolated bacteria to detect bacteremia	Earth Microbiome Project, 16S	GT	Illumina	Anschutz Center for Microbiome Excellence (ACME)	SEQ096	FWD:GTGYCAGCMGCCGCGGTAA; REV:GGACTACNVGGGTWTCTAAT	Sequencing by Synthesis	16S rRNA	V4	University of Colorado Anschutz	Diet Mouse C. diff	Illumina MiSeq
CDD03.CR.LFHF.3.00	ACTTGGTGTAAG	GTGYCAGCMGCCGCGGTAA	08/15/2024	Isolated bacteria to describe gut microbiome	Earth Microbiome Project, 16S	GT	Illumina	Anschutz Center for Microbiome Excellence (ACME)	SEQ096	FWD:GTGYCAGCMGCCGCGGTAA; REV:GGACTACNVGGGTWTCTAAT	Sequencing by Synthesis	16S rRNA	V4	University of Colorado Anschutz	Diet Mouse C. diff	Illumina MiSeq
CDD03.Tc.HFLF.5.00	ATTACGTATCAT	GTGYCAGCMGCCGCGGTAA	08/14/2024	Isolated bacteria to describe gut microbiome	Earth Microbiome Project, 16S	GT	Illumina	Anschutz Center for Microbiome Excellence (ACME)	SEQ096	FWD:GTGYCAGCMGCCGCGGTAA; REV:GGACTACNVGGGTWTCTAAT	Sequencing by Synthesis	16S rRNA	V4	University of Colorado Anschutz	Diet Mouse C. diff	Illumina MiSeq
CDD02.Tc.LFLF.5.Blood	CACGCAGTCTAC	GTGYCAGCMGCCGCGGTAA	08/22/2024	Isolated bacteria to detect bacteremia	Earth Microbiome Project, 16S	GT	Illumina	Anschutz Center for Microbiome Excellence (ACME)	SEQ096	FWD:GTGYCAGCMGCCGCGGTAA; REV:GGACTACNVGGGTWTCTAAT	Sequencing by Synthesis	16S rRNA	V4	University of Colorado Anschutz	Diet Mouse C. diff	Illumina MiSeq
CDD02.Tc.LFLF.2.Spleen	TGTGCACGCCAT	GTGYCAGCMGCCGCGGTAA	08/22/2024	Isolated bacteria to detect bacteremia	Earth Microbiome Project, 16S	GT	Illumina	Anschutz Center for Microbiome Excellence (ACME)	SEQ096	FWD:GTGYCAGCMGCCGCGGTAA; REV:GGACTACNVGGGTWTCTAAT	Sequencing by Synthesis	16S rRNA	V4	University of Colorado Anschutz	Diet Mouse C. diff	Illumina MiSeq
CDD03.CR.Chow.5.00	CCGGACAAGAAG	GTGYCAGCMGCCGCGGTAA	08/14/2024	Isolated bacteria to describe gut microbiome	Earth Microbiome Project, 16S	GT	Illumina	Anschutz Center for Microbiome Excellence (ACME)	SEQ096	FWD:GTGYCAGCMGCCGCGGTAA; REV:GGACTACNVGGGTWTCTAAT	Sequencing by Synthesis	16S rRNA	V4	University of Colorado Anschutz	Diet Mouse C. diff	Illumina MiSeq
CDD03.Tc.LFHF.3.18	TTGCTGGACGCT	GTGYCAGCMGCCGCGGTAA	08/15/2024	Isolated bacteria to describe gut microbiome	Earth Microbiome Project, 16S	GT	Illumina	Anschutz Center for Microbiome Excellence (ACME)	SEQ096	FWD:GTGYCAGCMGCCGCGGTAA; REV:GGACTACNVGGGTWTCTAAT	Sequencing by Synthesis	16S rRNA	V4	University of Colorado Anschutz	Diet Mouse C. diff	Illumina MiSeq
CDD03.CR.LFHF.2.Liver	TACTAACGCGGT	GTGYCAGCMGCCGCGGTAA	08/22/2024	Isolated bacteria to detect bacteremia	Earth Microbiome Project, 16S	GT	Illumina	Anschutz Center for Microbiome Excellence (ACME)	SEQ096	FWD:GTGYCAGCMGCCGCGGTAA; REV:GGACTACNVGGGTWTCTAAT	Sequencing by Synthesis	16S rRNA	V4	University of Colorado Anschutz	Diet Mouse C. diff	Illumina MiSeq
CDD03.CR.HFHF.2.00	GCGATCACACCT	GTGYCAGCMGCCGCGGTAA	08/15/2024	Isolated bacteria to describe gut microbiome	Earth Microbiome Project, 16S	GT	Illumina	Anschutz Center for Microbiome Excellence (ACME)	SEQ096	FWD:GTGYCAGCMGCCGCGGTAA; REV:GGACTACNVGGGTWTCTAAT	Sequencing by Synthesis	16S rRNA	V4	University of Colorado Anschutz	Diet Mouse C. diff	Illumina MiSeq
CDD02.CR.HFHF.2.Liver	CAAACGCACTAA	GTGYCAGCMGCCGCGGTAA	08/21/2024	Isolated bacteria to detect bacteremia	Earth Microbiome Project, 16S	GT	Illumina	Anschutz Center for Microbiome Excellence (ACME)	SEQ096	FWD:GTGYCAGCMGCCGCGGTAA; REV:GGACTACNVGGGTWTCTAAT	Sequencing by Synthesis	16S rRNA	V4	University of Colorado Anschutz	Diet Mouse C. diff	Illumina MiSeq
CDD03.Tc.HFHF.2.00	GAAGAGGGTTGA	GTGYCAGCMGCCGCGGTAA	08/14/2024	Isolated bacteria to describe gut microbiome	Earth Microbiome Project, 16S	GT	Illumina	Anschutz Center for Microbiome Excellence (ACME)	SEQ096	FWD:GTGYCAGCMGCCGCGGTAA; REV:GGACTACNVGGGTWTCTAAT	Sequencing by Synthesis	16S rRNA	V4	University of Colorado Anschutz	Diet Mouse C. diff	Illumina MiSeq
CDD03.Tc.LFLF.2.Spleen	TGAGTGGTCTGT	GTGYCAGCMGCCGCGGTAA	08/22/2024	Isolated bacteria to detect bacteremia	Earth Microbiome Project, 16S	GT	Illumina	Anschutz Center for Microbiome Excellence (ACME)	SEQ096	FWD:GTGYCAGCMGCCGCGGTAA; REV:GGACTACNVGGGTWTCTAAT	Sequencing by Synthesis	16S rRNA	V4	University of Colorado Anschutz	Diet Mouse C. diff	Illumina MiSeq
CDD03.CR.LFHF.5.00	TTACACAAAGGC	GTGYCAGCMGCCGCGGTAA	08/15/2024	Isolated bacteria to describe gut microbiome	Earth Microbiome Project, 16S	GT	Illumina	Anschutz Center for Microbiome Excellence (ACME)	SEQ096	FWD:GTGYCAGCMGCCGCGGTAA; REV:GGACTACNVGGGTWTCTAAT	Sequencing by Synthesis	16S rRNA	V4	University of Colorado Anschutz	Diet Mouse C. diff	Illumina MiSeq
CDD03.Tc.HFHF.1.18	ACGACGCATTTG	GTGYCAGCMGCCGCGGTAA	08/15/2024	Isolated bacteria to describe gut microbiome	Earth Microbiome Project, 16S	GT	Illumina	Anschutz Center for Microbiome Excellence (ACME)	SEQ096	FWD:GTGYCAGCMGCCGCGGTAA; REV:GGACTACNVGGGTWTCTAAT	Sequencing by Synthesis	16S rRNA	V4	University of Colorado Anschutz	Diet Mouse C. diff	Illumina MiSeq
CDD03.CR.LFLF.5.Liver	TATCCAAGCGCA	GTGYCAGCMGCCGCGGTAA	08/22/2024	Isolated bacteria to detect bacteremia	Earth Microbiome Project, 16S	GT	Illumina	Anschutz Center for Microbiome Excellence (ACME)	SEQ096	FWD:GTGYCAGCMGCCGCGGTAA; REV:GGACTACNVGGGTWTCTAAT	Sequencing by Synthesis	16S rRNA	V4	University of Colorado Anschutz	Diet Mouse C. diff	Illumina MiSeq
CDD03.CR.HFLF.3.00	AGAGCCAAGAGC	GTGYCAGCMGCCGCGGTAA	08/14/2024	Isolated bacteria to describe gut microbiome	Earth Microbiome Project, 16S	GT	Illumina	Anschutz Center for Microbiome Excellence (ACME)	SEQ096	FWD:GTGYCAGCMGCCGCGGTAA; REV:GGACTACNVGGGTWTCTAAT	Sequencing by Synthesis	16S rRNA	V4	University of Colorado Anschutz	Diet Mouse C. diff	Illumina MiSeq
CDD03.CR.HFLF.3.18	GGTGAGCAAGCA	GTGYCAGCMGCCGCGGTAA	08/21/2024	Isolated bacteria to describe gut microbiome	Earth Microbiome Project, 16S	GT	Illumina	Anschutz Center for Microbiome Excellence (ACME)	SEQ096	FWD:GTGYCAGCMGCCGCGGTAA; REV:GGACTACNVGGGTWTCTAAT	Sequencing by Synthesis	16S rRNA	V4	University of Colorado Anschutz	Diet Mouse C. diff	Illumina MiSeq
CDD03.Tc.LFLF.4.00	TAAATATACCCT	GTGYCAGCMGCCGCGGTAA	08/14/2024	Isolated bacteria to describe gut microbiome	Earth Microbiome Project, 16S	GT	Illumina	Anschutz Center for Microbiome Excellence (ACME)	SEQ096	FWD:GTGYCAGCMGCCGCGGTAA; REV:GGACTACNVGGGTWTCTAAT	Sequencing by Synthesis	16S rRNA	V4	University of Colorado Anschutz	Diet Mouse C. diff	Illumina MiSeq
CDD03.Tc.HFHF.3.00	TTGCGGACCCTA	GTGYCAGCMGCCGCGGTAA	08/14/2024	Isolated bacteria to describe gut microbiome	Earth Microbiome Project, 16S	GT	Illumina	Anschutz Center for Microbiome Excellence (ACME)	SEQ096	FWD:GTGYCAGCMGCCGCGGTAA; REV:GGACTACNVGGGTWTCTAAT	Sequencing by Synthesis	16S rRNA	V4	University of Colorado Anschutz	Diet Mouse C. diff	Illumina MiSeq
CDD03.CR.LFLF.1.00	GTCGTCCAAATG	GTGYCAGCMGCCGCGGTAA	08/14/2024	Isolated bacteria to describe gut microbiome	Earth Microbiome Project, 16S	GT	Illumina	Anschutz Center for Microbiome Excellence (ACME)	SEQ096	FWD:GTGYCAGCMGCCGCGGTAA; REV:GGACTACNVGGGTWTCTAAT	Sequencing by Synthesis	16S rRNA	V4	University of Colorado Anschutz	Diet Mouse C. diff	Illumina MiSeq
CDD03.CR.HFLF.4.00	TGCACAGTCGCT	GTGYCAGCMGCCGCGGTAA	08/15/2024	Isolated bacteria to describe gut microbiome	Earth Microbiome Project, 16S	GT	Illumina	Anschutz Center for Microbiome Excellence (ACME)	SEQ096	FWD:GTGYCAGCMGCCGCGGTAA; REV:GGACTACNVGGGTWTCTAAT	Sequencing by Synthesis	16S rRNA	V4	University of Colorado Anschutz	Diet Mouse C. diff	Illumina MiSeq
CDD02.Tc.LFLF.2.Liver	TTACTGTGGCCG	GTGYCAGCMGCCGCGGTAA	08/22/2024	Isolated bacteria to detect bacteremia	Earth Microbiome Project, 16S	GT	Illumina	Anschutz Center for Microbiome Excellence (ACME)	SEQ096	FWD:GTGYCAGCMGCCGCGGTAA; REV:GGACTACNVGGGTWTCTAAT	Sequencing by Synthesis	16S rRNA	V4	University of Colorado Anschutz	Diet Mouse C. diff	Illumina MiSeq
CDD03.Tc.Chow.3.00	GGTTCATGAACA	GTGYCAGCMGCCGCGGTAA	08/14/2024	Isolated bacteria to describe gut microbiome	Earth Microbiome Project, 16S	GT	Illumina	Anschutz Center for Microbiome Excellence (ACME)	SEQ096	FWD:GTGYCAGCMGCCGCGGTAA; REV:GGACTACNVGGGTWTCTAAT	Sequencing by Synthesis	16S rRNA	V4	University of Colorado Anschutz	Diet Mouse C. diff	Illumina MiSeq
CDD03.CR.Chow.1.00	TAACAATAATTC	GTGYCAGCMGCCGCGGTAA	08/14/2024	Isolated bacteria to describe gut microbiome	Earth Microbiome Project, 16S	GT	Illumina	Anschutz Center for Microbiome Excellence (ACME)	SEQ096	FWD:GTGYCAGCMGCCGCGGTAA; REV:GGACTACNVGGGTWTCTAAT	Sequencing by Synthesis	16S rRNA	V4	University of Colorado Anschutz	Diet Mouse C. diff	Illumina MiSeq
CDD03.Tc.LFHF.5.18	CTTATTAAACGT	GTGYCAGCMGCCGCGGTAA	08/15/2024	Isolated bacteria to describe gut microbiome	Earth Microbiome Project, 16S	GT	Illumina	Anschutz Center for Microbiome Excellence (ACME)	SEQ096	FWD:GTGYCAGCMGCCGCGGTAA; REV:GGACTACNVGGGTWTCTAAT	Sequencing by Synthesis	16S rRNA	V4	University of Colorado Anschutz	Diet Mouse C. diff	Illumina MiSeq
CDD03.CR.HFHF.5.00	GCTCGAAGATTC	GTGYCAGCMGCCGCGGTAA	08/15/2024	Isolated bacteria to describe gut microbiome	Earth Microbiome Project, 16S	GT	Illumina	Anschutz Center for Microbiome Excellence (ACME)	SEQ096	FWD:GTGYCAGCMGCCGCGGTAA; REV:GGACTACNVGGGTWTCTAAT	Sequencing by Synthesis	16S rRNA	V4	University of Colorado Anschutz	Diet Mouse C. diff	Illumina MiSeq
CDD03.Tc.LFHF.2.18	TATTTGATTGGT	GTGYCAGCMGCCGCGGTAA	08/15/2024	Isolated bacteria to describe gut microbiome	Earth Microbiome Project, 16S	GT	Illumina	Anschutz Center for Microbiome Excellence (ACME)	SEQ096	FWD:GTGYCAGCMGCCGCGGTAA; REV:GGACTACNVGGGTWTCTAAT	Sequencing by Synthesis	16S rRNA	V4	University of Colorado Anschutz	Diet Mouse C. diff	Illumina MiSeq
CDD03.Tc.HFLF.2.Blood	TGTCAAAGTGAC	GTGYCAGCMGCCGCGGTAA	08/22/2024	Isolated bacteria to detect bacteremia	Earth Microbiome Project, 16S	GT	Illumina	Anschutz Center for Microbiome Excellence (ACME)	SEQ096	FWD:GTGYCAGCMGCCGCGGTAA; REV:GGACTACNVGGGTWTCTAAT	Sequencing by Synthesis	16S rRNA	V4	University of Colorado Anschutz	Diet Mouse C. diff	Illumina MiSeq
CDD03.Tc.HFLF.3.00	CTATGTATTAGT	GTGYCAGCMGCCGCGGTAA	08/14/2024	Isolated bacteria to describe gut microbiome	Earth Microbiome Project, 16S	GT	Illumina	Anschutz Center for Microbiome Excellence (ACME)	SEQ096	FWD:GTGYCAGCMGCCGCGGTAA; REV:GGACTACNVGGGTWTCTAAT	Sequencing by Synthesis	16S rRNA	V4	University of Colorado Anschutz	Diet Mouse C. diff	Illumina MiSeq
CDD02.CR.LFLF.5.Blood	ACTCCCGTGTGA	GTGYCAGCMGCCGCGGTAA	08/22/2024	Isolated bacteria to detect bacteremia	Earth Microbiome Project, 16S	GT	Illumina	Anschutz Center for Microbiome Excellence (ACME)	SEQ096	FWD:GTGYCAGCMGCCGCGGTAA; REV:GGACTACNVGGGTWTCTAAT	Sequencing by Synthesis	16S rRNA	V4	University of Colorado Anschutz	Diet Mouse C. diff	Illumina MiSeq
CDD03.Tc.LFLF.3.Liver	CGGTATAGCAAT	GTGYCAGCMGCCGCGGTAA	08/22/2024	Isolated bacteria to detect bacteremia	Earth Microbiome Project, 16S	GT	Illumina	Anschutz Center for Microbiome Excellence (ACME)	SEQ096	FWD:GTGYCAGCMGCCGCGGTAA; REV:GGACTACNVGGGTWTCTAAT	Sequencing by Synthesis	16S rRNA	V4	University of Colorado Anschutz	Diet Mouse C. diff	Illumina MiSeq
CDD03.Tc.LFHF.5.Spleen	GACTCTGCTCAG	GTGYCAGCMGCCGCGGTAA	08/22/2024	Isolated bacteria to detect bacteremia	Earth Microbiome Project, 16S	GT	Illumina	Anschutz Center for Microbiome Excellence (ACME)	SEQ096	FWD:GTGYCAGCMGCCGCGGTAA; REV:GGACTACNVGGGTWTCTAAT	Sequencing by Synthesis	16S rRNA	V4	University of Colorado Anschutz	Diet Mouse C. diff	Illumina MiSeq
CDD03.CR.LFHF.1.00	GTCATGCTCCAG	GTGYCAGCMGCCGCGGTAA	08/15/2024	Isolated bacteria to describe gut microbiome	Earth Microbiome Project, 16S	GT	Illumina	Anschutz Center for Microbiome Excellence (ACME)	SEQ096	FWD:GTGYCAGCMGCCGCGGTAA; REV:GGACTACNVGGGTWTCTAAT	Sequencing by Synthesis	16S rRNA	V4	University of Colorado Anschutz	Diet Mouse C. diff	Illumina MiSeq
CDD03.Tc.HFHF.5.00	TACCGAAGGTAT	GTGYCAGCMGCCGCGGTAA	08/14/2024	Isolated bacteria to describe gut microbiome	Earth Microbiome Project, 16S	GT	Illumina	Anschutz Center for Microbiome Excellence (ACME)	SEQ096	FWD:GTGYCAGCMGCCGCGGTAA; REV:GGACTACNVGGGTWTCTAAT	Sequencing by Synthesis	16S rRNA	V4	University of Colorado Anschutz	Diet Mouse C. diff	Illumina MiSeq
CDD03.CR.HFLF.4.Blood	TGAGTATGAGTA	GTGYCAGCMGCCGCGGTAA	08/22/2024	Isolated bacteria to detect bacteremia	Earth Microbiome Project, 16S	GT	Illumina	Anschutz Center for Microbiome Excellence (ACME)	SEQ096	FWD:GTGYCAGCMGCCGCGGTAA; REV:GGACTACNVGGGTWTCTAAT	Sequencing by Synthesis	16S rRNA	V4	University of Colorado Anschutz	Diet Mouse C. diff	Illumina MiSeq
CDD02.Tc.LFLF.5.Liver	AATGGTTCAGCA	GTGYCAGCMGCCGCGGTAA	08/21/2024	Isolated bacteria to detect bacteremia	Earth Microbiome Project, 16S	GT	Illumina	Anschutz Center for Microbiome Excellence (ACME)	SEQ096	FWD:GTGYCAGCMGCCGCGGTAA; REV:GGACTACNVGGGTWTCTAAT	Sequencing by Synthesis	16S rRNA	V4	University of Colorado Anschutz	Diet Mouse C. diff	Illumina MiSeq
CDD03.Tc.HFLF.3.18	GAACCAGTACTC	GTGYCAGCMGCCGCGGTAA	08/15/2024	Isolated bacteria to describe gut microbiome	Earth Microbiome Project, 16S	GT	Illumina	Anschutz Center for Microbiome Excellence (ACME)	SEQ096	FWD:GTGYCAGCMGCCGCGGTAA; REV:GGACTACNVGGGTWTCTAAT	Sequencing by Synthesis	16S rRNA	V4	University of Colorado Anschutz	Diet Mouse C. diff	Illumina MiSeq
CDD03.CR.Chow.2.18	CGCACCCATACA	GTGYCAGCMGCCGCGGTAA	08/15/2024	Isolated bacteria to describe gut microbiome	Earth Microbiome Project, 16S	GT	Illumina	Anschutz Center for Microbiome Excellence (ACME)	SEQ096	FWD:GTGYCAGCMGCCGCGGTAA; REV:GGACTACNVGGGTWTCTAAT	Sequencing by Synthesis	16S rRNA	V4	University of Colorado Anschutz	Diet Mouse C. diff	Illumina MiSeq
CDD03.Tc.LFHF.4.00	GTGCCATAATCG	GTGYCAGCMGCCGCGGTAA	08/14/2024	Isolated bacteria to describe gut microbiome	Earth Microbiome Project, 16S	GT	Illumina	Anschutz Center for Microbiome Excellence (ACME)	SEQ096	FWD:GTGYCAGCMGCCGCGGTAA; REV:GGACTACNVGGGTWTCTAAT	Sequencing by Synthesis	16S rRNA	V4	University of Colorado Anschutz	Diet Mouse C. diff	Illumina MiSeq
CDD03.Tc.Chow.5.00	CTTGGAGGCTTA	GTGYCAGCMGCCGCGGTAA	08/14/2024	Isolated bacteria to describe gut microbiome	Earth Microbiome Project, 16S	GT	Illumina	Anschutz Center for Microbiome Excellence (ACME)	SEQ096	FWD:GTGYCAGCMGCCGCGGTAA; REV:GGACTACNVGGGTWTCTAAT	Sequencing by Synthesis	16S rRNA	V4	University of Colorado Anschutz	Diet Mouse C. diff	Illumina MiSeq
CDD03.CR.HFLF.2.00	TATCATATTACG	GTGYCAGCMGCCGCGGTAA	08/14/2024	Isolated bacteria to describe gut microbiome	Earth Microbiome Project, 16S	GT	Illumina	Anschutz Center for Microbiome Excellence (ACME)	SEQ096	FWD:GTGYCAGCMGCCGCGGTAA; REV:GGACTACNVGGGTWTCTAAT	Sequencing by Synthesis	16S rRNA	V4	University of Colorado Anschutz	Diet Mouse C. diff	Illumina MiSeq
CDD03.CR.LFLF.5.18	CTATATTATCCG	GTGYCAGCMGCCGCGGTAA	08/21/2024	Isolated bacteria to describe gut microbiome	Earth Microbiome Project, 16S	GT	Illumina	Anschutz Center for Microbiome Excellence (ACME)	SEQ096	FWD:GTGYCAGCMGCCGCGGTAA; REV:GGACTACNVGGGTWTCTAAT	Sequencing by Synthesis	16S rRNA	V4	University of Colorado Anschutz	Diet Mouse C. diff	Illumina MiSeq
CDD03.CR.LFHF.4.00	ACCGAACAATCC	GTGYCAGCMGCCGCGGTAA	08/15/2024	Isolated bacteria to describe gut microbiome	Earth Microbiome Project, 16S	GT	Illumina	Anschutz Center for Microbiome Excellence (ACME)	SEQ096	FWD:GTGYCAGCMGCCGCGGTAA; REV:GGACTACNVGGGTWTCTAAT	Sequencing by Synthesis	16S rRNA	V4	University of Colorado Anschutz	Diet Mouse C. diff	Illumina MiSeq
CDD03.Tc.LFLF.1.Liver	ACGGTACCCTAC	GTGYCAGCMGCCGCGGTAA	08/22/2024	Isolated bacteria to detect bacteremia	Earth Microbiome Project, 16S	GT	Illumina	Anschutz Center for Microbiome Excellence (ACME)	SEQ096	FWD:GTGYCAGCMGCCGCGGTAA; REV:GGACTACNVGGGTWTCTAAT	Sequencing by Synthesis	16S rRNA	V4	University of Colorado Anschutz	Diet Mouse C. diff	Illumina MiSeq
CDD03.CR.Chow.4.00	TGAGTCATTGAG	GTGYCAGCMGCCGCGGTAA	08/14/2024	Isolated bacteria to describe gut microbiome	Earth Microbiome Project, 16S	GT	Illumina	Anschutz Center for Microbiome Excellence (ACME)	SEQ096	FWD:GTGYCAGCMGCCGCGGTAA; REV:GGACTACNVGGGTWTCTAAT	Sequencing by Synthesis	16S rRNA	V4	University of Colorado Anschutz	Diet Mouse C. diff	Illumina MiSeq
CDD03.Tc.Chow.1.00	ACCTACTTGTCT	GTGYCAGCMGCCGCGGTAA	08/14/2024	Isolated bacteria to describe gut microbiome	Earth Microbiome Project, 16S	GT	Illumina	Anschutz Center for Microbiome Excellence (ACME)	SEQ096	FWD:GTGYCAGCMGCCGCGGTAA; REV:GGACTACNVGGGTWTCTAAT	Sequencing by Synthesis	16S rRNA	V4	University of Colorado Anschutz	Diet Mouse C. diff	Illumina MiSeq
CDD03.Tc.LFHF.3.00	ACTGTGACGTCC	GTGYCAGCMGCCGCGGTAA	08/14/2024	Isolated bacteria to describe gut microbiome	Earth Microbiome Project, 16S	GT	Illumina	Anschutz Center for Microbiome Excellence (ACME)	SEQ096	FWD:GTGYCAGCMGCCGCGGTAA; REV:GGACTACNVGGGTWTCTAAT	Sequencing by Synthesis	16S rRNA	V4	University of Colorado Anschutz	Diet Mouse C. diff	Illumina MiSeq
CDD03.Tc.HFHF.4.00	CTCTGAGGTAAC	GTGYCAGCMGCCGCGGTAA	08/14/2024	Isolated bacteria to describe gut microbiome	Earth Microbiome Project, 16S	GT	Illumina	Anschutz Center for Microbiome Excellence (ACME)	SEQ096	FWD:GTGYCAGCMGCCGCGGTAA; REV:GGACTACNVGGGTWTCTAAT	Sequencing by Synthesis	16S rRNA	V4	University of Colorado Anschutz	Diet Mouse C. diff	Illumina MiSeq
CDD02.CR.LFHF.2.Liver	CATGTCTTCCAT	GTGYCAGCMGCCGCGGTAA	08/22/2024	Isolated bacteria to detect bacteremia	Earth Microbiome Project, 16S	GT	Illumina	Anschutz Center for Microbiome Excellence (ACME)	SEQ096	FWD:GTGYCAGCMGCCGCGGTAA; REV:GGACTACNVGGGTWTCTAAT	Sequencing by Synthesis	16S rRNA	V4	University of Colorado Anschutz	Diet Mouse C. diff	Illumina MiSeq
CDD03.Tc.LFHF.1.18	AACAGTAAACAA	GTGYCAGCMGCCGCGGTAA	08/15/2024	Isolated bacteria to describe gut microbiome	Earth Microbiome Project, 16S	GT	Illumina	Anschutz Center for Microbiome Excellence (ACME)	SEQ096	FWD:GTGYCAGCMGCCGCGGTAA; REV:GGACTACNVGGGTWTCTAAT	Sequencing by Synthesis	16S rRNA	V4	University of Colorado Anschutz	Diet Mouse C. diff	Illumina MiSeq
CDD03.Tc.HFLF.2.00	GTTCATTAAACT	GTGYCAGCMGCCGCGGTAA	08/14/2024	Isolated bacteria to describe gut microbiome	Earth Microbiome Project, 16S	GT	Illumina	Anschutz Center for Microbiome Excellence (ACME)	SEQ096	FWD:GTGYCAGCMGCCGCGGTAA; REV:GGACTACNVGGGTWTCTAAT	Sequencing by Synthesis	16S rRNA	V4	University of Colorado Anschutz	Diet Mouse C. diff	Illumina MiSeq
CDD03.Tc.LFLF.2.00	GTGCCGGCCGAC	GTGYCAGCMGCCGCGGTAA	08/14/2024	Isolated bacteria to describe gut microbiome	Earth Microbiome Project, 16S	GT	Illumina	Anschutz Center for Microbiome Excellence (ACME)	SEQ096	FWD:GTGYCAGCMGCCGCGGTAA; REV:GGACTACNVGGGTWTCTAAT	Sequencing by Synthesis	16S rRNA	V4	University of Colorado Anschutz	Diet Mouse C. diff	Illumina MiSeq
CDD03.Tc.LFLF.1.00	CCTTGACCGATG	GTGYCAGCMGCCGCGGTAA	08/14/2024	Isolated bacteria to describe gut microbiome	Earth Microbiome Project, 16S	GT	Illumina	Anschutz Center for Microbiome Excellence (ACME)	SEQ096	FWD:GTGYCAGCMGCCGCGGTAA; REV:GGACTACNVGGGTWTCTAAT	Sequencing by Synthesis	16S rRNA	V4	University of Colorado Anschutz	Diet Mouse C. diff	Illumina MiSeq
CDD03.Tc.LFLF.5.00	CAAACTGCGTTG	GTGYCAGCMGCCGCGGTAA	08/14/2024	Isolated bacteria to describe gut microbiome	Earth Microbiome Project, 16S	GT	Illumina	Anschutz Center for Microbiome Excellence (ACME)	SEQ096	FWD:GTGYCAGCMGCCGCGGTAA; REV:GGACTACNVGGGTWTCTAAT	Sequencing by Synthesis	16S rRNA	V4	University of Colorado Anschutz	Diet Mouse C. diff	Illumina MiSeq
CDD03.Tc.HFLF.1.00	TCGAGAGTTTGC	GTGYCAGCMGCCGCGGTAA	08/14/2024	Isolated bacteria to describe gut microbiome	Earth Microbiome Project, 16S	GT	Illumina	Anschutz Center for Microbiome Excellence (ACME)	SEQ096	FWD:GTGYCAGCMGCCGCGGTAA; REV:GGACTACNVGGGTWTCTAAT	Sequencing by Synthesis	16S rRNA	V4	University of Colorado Anschutz	Diet Mouse C. diff	Illumina MiSeq
CDD03.CR.HFLF.1.18	CGACACGGAGAA	GTGYCAGCMGCCGCGGTAA	08/21/2024	Isolated bacteria to describe gut microbiome	Earth Microbiome Project, 16S	GT	Illumina	Anschutz Center for Microbiome Excellence (ACME)	SEQ096	FWD:GTGYCAGCMGCCGCGGTAA; REV:GGACTACNVGGGTWTCTAAT	Sequencing by Synthesis	16S rRNA	V4	University of Colorado Anschutz	Diet Mouse C. diff	Illumina MiSeq
CDD03.CR.LFLF.3.00	TCCACAGGGTTC	GTGYCAGCMGCCGCGGTAA	08/14/2024	Isolated bacteria to describe gut microbiome	Earth Microbiome Project, 16S	GT	Illumina	Anschutz Center for Microbiome Excellence (ACME)	SEQ096	FWD:GTGYCAGCMGCCGCGGTAA; REV:GGACTACNVGGGTWTCTAAT	Sequencing by Synthesis	16S rRNA	V4	University of Colorado Anschutz	Diet Mouse C. diff	Illumina MiSeq
CDD03.CR.HFHF.3.00	GGAGAACGACAC	GTGYCAGCMGCCGCGGTAA	08/15/2024	Isolated bacteria to describe gut microbiome	Earth Microbiome Project, 16S	GT	Illumina	Anschutz Center for Microbiome Excellence (ACME)	SEQ096	FWD:GTGYCAGCMGCCGCGGTAA; REV:GGACTACNVGGGTWTCTAAT	Sequencing by Synthesis	16S rRNA	V4	University of Colorado Anschutz	Diet Mouse C. diff	Illumina MiSeq
CDD03.Tc.HFHF.1.00	CCTACCATTGTT	GTGYCAGCMGCCGCGGTAA	08/14/2024	Isolated bacteria to describe gut microbiome	Earth Microbiome Project, 16S	GT	Illumina	Anschutz Center for Microbiome Excellence (ACME)	SEQ096	FWD:GTGYCAGCMGCCGCGGTAA; REV:GGACTACNVGGGTWTCTAAT	Sequencing by Synthesis	16S rRNA	V4	University of Colorado Anschutz	Diet Mouse C. diff	Illumina MiSeq
CDD03.CR.LFHF.4.18	TCCGGCGGGCAA	GTGYCAGCMGCCGCGGTAA	08/21/2024	Isolated bacteria to describe gut microbiome	Earth Microbiome Project, 16S	GT	Illumina	Anschutz Center for Microbiome Excellence (ACME)	SEQ096	FWD:GTGYCAGCMGCCGCGGTAA; REV:GGACTACNVGGGTWTCTAAT	Sequencing by Synthesis	16S rRNA	V4	University of Colorado Anschutz	Diet Mouse C. diff	Illumina MiSeq
CDD03.Tc.LFLF.2.18	TAATCCATAATC	GTGYCAGCMGCCGCGGTAA	08/15/2024	Isolated bacteria to describe gut microbiome	Earth Microbiome Project, 16S	GT	Illumina	Anschutz Center for Microbiome Excellence (ACME)	SEQ096	FWD:GTGYCAGCMGCCGCGGTAA; REV:GGACTACNVGGGTWTCTAAT	Sequencing by Synthesis	16S rRNA	V4	University of Colorado Anschutz	Diet Mouse C. diff	Illumina MiSeq
CDD03.Tc.LFHF.1.00	CCTCCGTCATGG	GTGYCAGCMGCCGCGGTAA	08/14/2024	Isolated bacteria to describe gut microbiome	Earth Microbiome Project, 16S	GT	Illumina	Anschutz Center for Microbiome Excellence (ACME)	SEQ096	FWD:GTGYCAGCMGCCGCGGTAA; REV:GGACTACNVGGGTWTCTAAT	Sequencing by Synthesis	16S rRNA	V4	University of Colorado Anschutz	Diet Mouse C. diff	Illumina MiSeq
CDD03.Tc.Chow.4.00	TTCGATGCCGCA	GTGYCAGCMGCCGCGGTAA	08/14/2024	Isolated bacteria to describe gut microbiome	Earth Microbiome Project, 16S	GT	Illumina	Anschutz Center for Microbiome Excellence (ACME)	SEQ096	FWD:GTGYCAGCMGCCGCGGTAA; REV:GGACTACNVGGGTWTCTAAT	Sequencing by Synthesis	16S rRNA	V4	University of Colorado Anschutz	Diet Mouse C. diff	Illumina MiSeq
CDD02.CR.HFHF.1.Spleen	AGAGGGTGATCG	GTGYCAGCMGCCGCGGTAA	08/21/2024	Isolated bacteria to detect bacteremia	Earth Microbiome Project, 16S	GT	Illumina	Anschutz Center for Microbiome Excellence (ACME)	SEQ096	FWD:GTGYCAGCMGCCGCGGTAA; REV:GGACTACNVGGGTWTCTAAT	Sequencing by Synthesis	16S rRNA	V4	University of Colorado Anschutz	Diet Mouse C. diff	Illumina MiSeq
CDD03.CR.LFLF.3.18	AGCTCTAGAAAC	GTGYCAGCMGCCGCGGTAA	08/21/2024	Isolated bacteria to describe gut microbiome	Earth Microbiome Project, 16S	GT	Illumina	Anschutz Center for Microbiome Excellence (ACME)	SEQ096	FWD:GTGYCAGCMGCCGCGGTAA; REV:GGACTACNVGGGTWTCTAAT	Sequencing by Synthesis	16S rRNA	V4	University of Colorado Anschutz	Diet Mouse C. diff	Illumina MiSeq
CDD03.Tc.LFHF.5.00	CTGACACGAATA	GTGYCAGCMGCCGCGGTAA	08/14/2024	Isolated bacteria to describe gut microbiome	Earth Microbiome Project, 16S	GT	Illumina	Anschutz Center for Microbiome Excellence (ACME)	SEQ096	FWD:GTGYCAGCMGCCGCGGTAA; REV:GGACTACNVGGGTWTCTAAT	Sequencing by Synthesis	16S rRNA	V4	University of Colorado Anschutz	Diet Mouse C. diff	Illumina MiSeq
CDD03.CR.HFLF.5.Liver	GCTGCCCACCTA	GTGYCAGCMGCCGCGGTAA	08/21/2024	Isolated bacteria to detect bacteremia	Earth Microbiome Project, 16S	GT	Illumina	Anschutz Center for Microbiome Excellence (ACME)	SEQ096	FWD:GTGYCAGCMGCCGCGGTAA; REV:GGACTACNVGGGTWTCTAAT	Sequencing by Synthesis	16S rRNA	V4	University of Colorado Anschutz	Diet Mouse C. diff	Illumina MiSeq
CDD03.Tc.LFLF.3.18	GCGTTTGCTAGC	GTGYCAGCMGCCGCGGTAA	08/15/2024	Isolated bacteria to describe gut microbiome	Earth Microbiome Project, 16S	GT	Illumina	Anschutz Center for Microbiome Excellence (ACME)	SEQ096	FWD:GTGYCAGCMGCCGCGGTAA; REV:GGACTACNVGGGTWTCTAAT	Sequencing by Synthesis	16S rRNA	V4	University of Colorado Anschutz	Diet Mouse C. diff	Illumina MiSeq
CDD03.Tc.Chow.1.18	AGATCGTGCCTA	GTGYCAGCMGCCGCGGTAA	08/15/2024	Isolated bacteria to describe gut microbiome	Earth Microbiome Project, 16S	GT	Illumina	Anschutz Center for Microbiome Excellence (ACME)	SEQ096	FWD:GTGYCAGCMGCCGCGGTAA; REV:GGACTACNVGGGTWTCTAAT	Sequencing by Synthesis	16S rRNA	V4	University of Colorado Anschutz	Diet Mouse C. diff	Illumina MiSeq
CDD03.CR.HFLF.5.18	AATTAATATGTA	GTGYCAGCMGCCGCGGTAA	08/21/2024	Isolated bacteria to describe gut microbiome	Earth Microbiome Project, 16S	GT	Illumina	Anschutz Center for Microbiome Excellence (ACME)	SEQ096	FWD:GTGYCAGCMGCCGCGGTAA; REV:GGACTACNVGGGTWTCTAAT	Sequencing by Synthesis	16S rRNA	V4	University of Colorado Anschutz	Diet Mouse C. diff	Illumina MiSeq
CDD03.Tc.LFLF.3.00	CATTTCGCACTT	GTGYCAGCMGCCGCGGTAA	08/14/2024	Isolated bacteria to describe gut microbiome	Earth Microbiome Project, 16S	GT	Illumina	Anschutz Center for Microbiome Excellence (ACME)	SEQ096	FWD:GTGYCAGCMGCCGCGGTAA; REV:GGACTACNVGGGTWTCTAAT	Sequencing by Synthesis	16S rRNA	V4	University of Colorado Anschutz	Diet Mouse C. diff	Illumina MiSeq
CDD03.Tc.HFLF.5.18	ACATGATATTCT	GTGYCAGCMGCCGCGGTAA	08/15/2024	Isolated bacteria to describe gut microbiome	Earth Microbiome Project, 16S	GT	Illumina	Anschutz Center for Microbiome Excellence (ACME)	SEQ096	FWD:GTGYCAGCMGCCGCGGTAA; REV:GGACTACNVGGGTWTCTAAT	Sequencing by Synthesis	16S rRNA	V4	University of Colorado Anschutz	Diet Mouse C. diff	Illumina MiSeq
CDD02.Tc.HFLF.4.Liver	GCAACGAACGAG	GTGYCAGCMGCCGCGGTAA	08/21/2024	Isolated bacteria to detect bacteremia	Earth Microbiome Project, 16S	GT	Illumina	Anschutz Center for Microbiome Excellence (ACME)	SEQ096	FWD:GTGYCAGCMGCCGCGGTAA; REV:GGACTACNVGGGTWTCTAAT	Sequencing by Synthesis	16S rRNA	V4	University of Colorado Anschutz	Diet Mouse C. diff	Illumina MiSeq
CDD03.Tc.LFHF.2.00	AGATGTCCGTCA	GTGYCAGCMGCCGCGGTAA	08/14/2024	Isolated bacteria to describe gut microbiome	Earth Microbiome Project, 16S	GT	Illumina	Anschutz Center for Microbiome Excellence (ACME)	SEQ096	FWD:GTGYCAGCMGCCGCGGTAA; REV:GGACTACNVGGGTWTCTAAT	Sequencing by Synthesis	16S rRNA	V4	University of Colorado Anschutz	Diet Mouse C. diff	Illumina MiSeq
CDD03.Tc.HFLF.4.00	TCGTTATTCAGT	GTGYCAGCMGCCGCGGTAA	08/14/2024	Isolated bacteria to describe gut microbiome	Earth Microbiome Project, 16S	GT	Illumina	Anschutz Center for Microbiome Excellence (ACME)	SEQ096	FWD:GTGYCAGCMGCCGCGGTAA; REV:GGACTACNVGGGTWTCTAAT	Sequencing by Synthesis	16S rRNA	V4	University of Colorado Anschutz	Diet Mouse C. diff	Illumina MiSeq
CDD03.CR.HFHF.5.18	GGATACTCGCAT	GTGYCAGCMGCCGCGGTAA	08/21/2024	Isolated bacteria to describe gut microbiome	Earth Microbiome Project, 16S	GT	Illumina	Anschutz Center for Microbiome Excellence (ACME)	SEQ096	FWD:GTGYCAGCMGCCGCGGTAA; REV:GGACTACNVGGGTWTCTAAT	Sequencing by Synthesis	16S rRNA	V4	University of Colorado Anschutz	Diet Mouse C. diff	Illumina MiSeq
CDD03.Tc.LFLF.4.18	AATGTTCAACTT	GTGYCAGCMGCCGCGGTAA	08/15/2024	Isolated bacteria to describe gut microbiome	Earth Microbiome Project, 16S	GT	Illumina	Anschutz Center for Microbiome Excellence (ACME)	SEQ096	FWD:GTGYCAGCMGCCGCGGTAA; REV:GGACTACNVGGGTWTCTAAT	Sequencing by Synthesis	16S rRNA	V4	University of Colorado Anschutz	Diet Mouse C. diff	Illumina MiSeq
CDD03.Tc.HFLF.1.18	AGCAGTGCGGTG	GTGYCAGCMGCCGCGGTAA	08/15/2024	Isolated bacteria to describe gut microbiome	Earth Microbiome Project, 16S	GT	Illumina	Anschutz Center for Microbiome Excellence (ACME)	SEQ096	FWD:GTGYCAGCMGCCGCGGTAA; REV:GGACTACNVGGGTWTCTAAT	Sequencing by Synthesis	16S rRNA	V4	University of Colorado Anschutz	Diet Mouse C. diff	Illumina MiSeq
CDD03.CR.LFLF.1.18	GCATATGCACTG	GTGYCAGCMGCCGCGGTAA	08/21/2024	Isolated bacteria to describe gut microbiome	Earth Microbiome Project, 16S	GT	Illumina	Anschutz Center for Microbiome Excellence (ACME)	SEQ096	FWD:GTGYCAGCMGCCGCGGTAA; REV:GGACTACNVGGGTWTCTAAT	Sequencing by Synthesis	16S rRNA	V4	University of Colorado Anschutz	Diet Mouse C. diff	Illumina MiSeq
CDD03.Tc.Chow.2.00	CCTCACTAGCGA	GTGYCAGCMGCCGCGGTAA	08/14/2024	Isolated bacteria to describe gut microbiome	Earth Microbiome Project, 16S	GT	Illumina	Anschutz Center for Microbiome Excellence (ACME)	SEQ096	FWD:GTGYCAGCMGCCGCGGTAA; REV:GGACTACNVGGGTWTCTAAT	Sequencing by Synthesis	16S rRNA	V4	University of Colorado Anschutz	Diet Mouse C. diff	Illumina MiSeq
CDD02.Tc.HFHF.3.Liver	CTAATCAGAGTG	GTGYCAGCMGCCGCGGTAA	08/21/2024	Isolated bacteria to detect bacteremia	Earth Microbiome Project, 16S	GT	Illumina	Anschutz Center for Microbiome Excellence (ACME)	SEQ096	FWD:GTGYCAGCMGCCGCGGTAA; REV:GGACTACNVGGGTWTCTAAT	Sequencing by Synthesis	16S rRNA	V4	University of Colorado Anschutz	Diet Mouse C. diff	Illumina MiSeq
CDD03.CR.HFHF.3.18	CTACTCCACGAG	GTGYCAGCMGCCGCGGTAA	08/21/2024	Isolated bacteria to describe gut microbiome	Earth Microbiome Project, 16S	GT	Illumina	Anschutz Center for Microbiome Excellence (ACME)	SEQ096	FWD:GTGYCAGCMGCCGCGGTAA; REV:GGACTACNVGGGTWTCTAAT	Sequencing by Synthesis	16S rRNA	V4	University of Colorado Anschutz	Diet Mouse C. diff	Illumina MiSeq
CDD03.CR.LFHF.2.18	TAAGGCATCGCT	GTGYCAGCMGCCGCGGTAA	08/21/2024	Isolated bacteria to describe gut microbiome	Earth Microbiome Project, 16S	GT	Illumina	Anschutz Center for Microbiome Excellence (ACME)	SEQ096	FWD:GTGYCAGCMGCCGCGGTAA; REV:GGACTACNVGGGTWTCTAAT	Sequencing by Synthesis	16S rRNA	V4	University of Colorado Anschutz	Diet Mouse C. diff	Illumina MiSeq
CDD03.CR.HFHF.1.18	AGCGCGGCGAAT	GTGYCAGCMGCCGCGGTAA	08/21/2024	Isolated bacteria to describe gut microbiome	Earth Microbiome Project, 16S	GT	Illumina	Anschutz Center for Microbiome Excellence (ACME)	SEQ096	FWD:GTGYCAGCMGCCGCGGTAA; REV:GGACTACNVGGGTWTCTAAT	Sequencing by Synthesis	16S rRNA	V4	University of Colorado Anschutz	Diet Mouse C. diff	Illumina MiSeq
CDD03.Tc.Chow.2.18	TAGCAGTTGCGT	GTGYCAGCMGCCGCGGTAA	08/15/2024	Isolated bacteria to describe gut microbiome	Earth Microbiome Project, 16S	GT	Illumina	Anschutz Center for Microbiome Excellence (ACME)	SEQ096	FWD:GTGYCAGCMGCCGCGGTAA; REV:GGACTACNVGGGTWTCTAAT	Sequencing by Synthesis	16S rRNA	V4	University of Colorado Anschutz	Diet Mouse C. diff	Illumina MiSeq
CDD03.Tc.HFHF.3.18	ACTCTGTAATTA	GTGYCAGCMGCCGCGGTAA	08/15/2024	Isolated bacteria to describe gut microbiome	Earth Microbiome Project, 16S	GT	Illumina	Anschutz Center for Microbiome Excellence (ACME)	SEQ096	FWD:GTGYCAGCMGCCGCGGTAA; REV:GGACTACNVGGGTWTCTAAT	Sequencing by Synthesis	16S rRNA	V4	University of Colorado Anschutz	Diet Mouse C. diff	Illumina MiSeq
CDD03.CR.HFLF.4.18	TCATGGCCTCCG	GTGYCAGCMGCCGCGGTAA	08/21/2024	Isolated bacteria to describe gut microbiome	Earth Microbiome Project, 16S	GT	Illumina	Anschutz Center for Microbiome Excellence (ACME)	SEQ096	FWD:GTGYCAGCMGCCGCGGTAA; REV:GGACTACNVGGGTWTCTAAT	Sequencing by Synthesis	16S rRNA	V4	University of Colorado Anschutz	Diet Mouse C. diff	Illumina MiSeq
CDD03.CR.Chow.1.18	CAATCATAGGTG	GTGYCAGCMGCCGCGGTAA	08/15/2024	Isolated bacteria to describe gut microbiome	Earth Microbiome Project, 16S	GT	Illumina	Anschutz Center for Microbiome Excellence (ACME)	SEQ096	FWD:GTGYCAGCMGCCGCGGTAA; REV:GGACTACNVGGGTWTCTAAT	Sequencing by Synthesis	16S rRNA	V4	University of Colorado Anschutz	Diet Mouse C. diff	Illumina MiSeq
CDD03.Tc.LFLF.5.18	GTTGGACGAAGG	GTGYCAGCMGCCGCGGTAA	08/15/2024	Isolated bacteria to describe gut microbiome	Earth Microbiome Project, 16S	GT	Illumina	Anschutz Center for Microbiome Excellence (ACME)	SEQ096	FWD:GTGYCAGCMGCCGCGGTAA; REV:GGACTACNVGGGTWTCTAAT	Sequencing by Synthesis	16S rRNA	V4	University of Colorado Anschutz	Diet Mouse C. diff	Illumina MiSeq
CDD02.Tc.LFLF.5.Spleen	GTCACTCCGAAC	GTGYCAGCMGCCGCGGTAA	08/21/2024	Isolated bacteria to detect bacteremia	Earth Microbiome Project, 16S	GT	Illumina	Anschutz Center for Microbiome Excellence (ACME)	SEQ096	FWD:GTGYCAGCMGCCGCGGTAA; REV:GGACTACNVGGGTWTCTAAT	Sequencing by Synthesis	16S rRNA	V4	University of Colorado Anschutz	Diet Mouse C. diff	Illumina MiSeq
CDD03.Tc.HFLF.4.18	CGTTCTGGTGGT	GTGYCAGCMGCCGCGGTAA	08/15/2024	Isolated bacteria to describe gut microbiome	Earth Microbiome Project, 16S	GT	Illumina	Anschutz Center for Microbiome Excellence (ACME)	SEQ096	FWD:GTGYCAGCMGCCGCGGTAA; REV:GGACTACNVGGGTWTCTAAT	Sequencing by Synthesis	16S rRNA	V4	University of Colorado Anschutz	Diet Mouse C. diff	Illumina MiSeq
CDD03.Tc.HFHF.4.18	TAGTTCGGTGAC	GTGYCAGCMGCCGCGGTAA	08/15/2024	Isolated bacteria to describe gut microbiome	Earth Microbiome Project, 16S	GT	Illumina	Anschutz Center for Microbiome Excellence (ACME)	SEQ096	FWD:GTGYCAGCMGCCGCGGTAA; REV:GGACTACNVGGGTWTCTAAT	Sequencing by Synthesis	16S rRNA	V4	University of Colorado Anschutz	Diet Mouse C. diff	Illumina MiSeq
CDD03.CR.Chow.3.18	TTAATGGATCGG	GTGYCAGCMGCCGCGGTAA	08/21/2024	Isolated bacteria to describe gut microbiome	Earth Microbiome Project, 16S	GT	Illumina	Anschutz Center for Microbiome Excellence (ACME)	SEQ096	FWD:GTGYCAGCMGCCGCGGTAA; REV:GGACTACNVGGGTWTCTAAT	Sequencing by Synthesis	16S rRNA	V4	University of Colorado Anschutz	Diet Mouse C. diff	Illumina MiSeq
CDD03.CR.LFHF.1.18	TCAAGTCCGCAC	GTGYCAGCMGCCGCGGTAA	08/21/2024	Isolated bacteria to describe gut microbiome	Earth Microbiome Project, 16S	GT	Illumina	Anschutz Center for Microbiome Excellence (ACME)	SEQ096	FWD:GTGYCAGCMGCCGCGGTAA; REV:GGACTACNVGGGTWTCTAAT	Sequencing by Synthesis	16S rRNA	V4	University of Colorado Anschutz	Diet Mouse C. diff	Illumina MiSeq
CDD03.CR.LFHF.3.18	CACACAAAGTCA	GTGYCAGCMGCCGCGGTAA	08/21/2024	Isolated bacteria to describe gut microbiome	Earth Microbiome Project, 16S	GT	Illumina	Anschutz Center for Microbiome Excellence (ACME)	SEQ096	FWD:GTGYCAGCMGCCGCGGTAA; REV:GGACTACNVGGGTWTCTAAT	Sequencing by Synthesis	16S rRNA	V4	University of Colorado Anschutz	Diet Mouse C. diff	Illumina MiSeq
CDD03.Tc.HFHF.4.Liver	GTCAGGTGCGGC	GTGYCAGCMGCCGCGGTAA	08/22/2024	Isolated bacteria to detect bacteremia	Earth Microbiome Project, 16S	GT	Illumina	Anschutz Center for Microbiome Excellence (ACME)	SEQ096	FWD:GTGYCAGCMGCCGCGGTAA; REV:GGACTACNVGGGTWTCTAAT	Sequencing by Synthesis	16S rRNA	V4	University of Colorado Anschutz	Diet Mouse C. diff	Illumina MiSeq
CDD02.CR.HFHF.1.Liver	TTGAACAAGCCA	GTGYCAGCMGCCGCGGTAA	08/21/2024	Isolated bacteria to detect bacteremia	Earth Microbiome Project, 16S	GT	Illumina	Anschutz Center for Microbiome Excellence (ACME)	SEQ096	FWD:GTGYCAGCMGCCGCGGTAA; REV:GGACTACNVGGGTWTCTAAT	Sequencing by Synthesis	16S rRNA	V4	University of Colorado Anschutz	Diet Mouse C. diff	Illumina MiSeq
CDD03.CR.HFHF.2.18	ATATGTTCTCAA	GTGYCAGCMGCCGCGGTAA	08/21/2024	Isolated bacteria to describe gut microbiome	Earth Microbiome Project, 16S	GT	Illumina	Anschutz Center for Microbiome Excellence (ACME)	SEQ096	FWD:GTGYCAGCMGCCGCGGTAA; REV:GGACTACNVGGGTWTCTAAT	Sequencing by Synthesis	16S rRNA	V4	University of Colorado Anschutz	Diet Mouse C. diff	Illumina MiSeq
CDD03.CR.LFLF.3.Liver	ATGTGCTGCTCG	GTGYCAGCMGCCGCGGTAA	08/22/2024	Isolated bacteria to detect bacteremia	Earth Microbiome Project, 16S	GT	Illumina	Anschutz Center for Microbiome Excellence (ACME)	SEQ096	FWD:GTGYCAGCMGCCGCGGTAA; REV:GGACTACNVGGGTWTCTAAT	Sequencing by Synthesis	16S rRNA	V4	University of Colorado Anschutz	Diet Mouse C. diff	Illumina MiSeq
CDD03.CR.Chow.4.18	CCGATAAAGGTT	GTGYCAGCMGCCGCGGTAA	08/21/2024	Isolated bacteria to describe gut microbiome	Earth Microbiome Project, 16S	GT	Illumina	Anschutz Center for Microbiome Excellence (ACME)	SEQ096	FWD:GTGYCAGCMGCCGCGGTAA; REV:GGACTACNVGGGTWTCTAAT	Sequencing by Synthesis	16S rRNA	V4	University of Colorado Anschutz	Diet Mouse C. diff	Illumina MiSeq
CDD03.CR.HFHF.4.18	CAGGAACCAGGA	GTGYCAGCMGCCGCGGTAA	08/21/2024	Isolated bacteria to describe gut microbiome	Earth Microbiome Project, 16S	GT	Illumina	Anschutz Center for Microbiome Excellence (ACME)	SEQ096	FWD:GTGYCAGCMGCCGCGGTAA; REV:GGACTACNVGGGTWTCTAAT	Sequencing by Synthesis	16S rRNA	V4	University of Colorado Anschutz	Diet Mouse C. diff	Illumina MiSeq
CDD03.Tc.HFHF.2.18	GCATAAACGACT	GTGYCAGCMGCCGCGGTAA	08/15/2024	Isolated bacteria to describe gut microbiome	Earth Microbiome Project, 16S	GT	Illumina	Anschutz Center for Microbiome Excellence (ACME)	SEQ096	FWD:GTGYCAGCMGCCGCGGTAA; REV:GGACTACNVGGGTWTCTAAT	Sequencing by Synthesis	16S rRNA	V4	University of Colorado Anschutz	Diet Mouse C. diff	Illumina MiSeq
CDD02.Tc.HFLF.3.Liver	ATCGTAGTGGTC	GTGYCAGCMGCCGCGGTAA	08/22/2024	Isolated bacteria to detect bacteremia	Earth Microbiome Project, 16S	GT	Illumina	Anschutz Center for Microbiome Excellence (ACME)	SEQ096	FWD:GTGYCAGCMGCCGCGGTAA; REV:GGACTACNVGGGTWTCTAAT	Sequencing by Synthesis	16S rRNA	V4	University of Colorado Anschutz	Diet Mouse C. diff	Illumina MiSeq
CDD03.CR.HFLF.2.18	ACTAAAGCAAAC	GTGYCAGCMGCCGCGGTAA	08/21/2024	Isolated bacteria to describe gut microbiome	Earth Microbiome Project, 16S	GT	Illumina	Anschutz Center for Microbiome Excellence (ACME)	SEQ096	FWD:GTGYCAGCMGCCGCGGTAA; REV:GGACTACNVGGGTWTCTAAT	Sequencing by Synthesis	16S rRNA	V4	University of Colorado Anschutz	Diet Mouse C. diff	Illumina MiSeq
CDD03.CR.LFLF.5.Spleen	TAGGAACTCACC	GTGYCAGCMGCCGCGGTAA	08/22/2024	Isolated bacteria to detect bacteremia	Earth Microbiome Project, 16S	GT	Illumina	Anschutz Center for Microbiome Excellence (ACME)	SEQ096	FWD:GTGYCAGCMGCCGCGGTAA; REV:GGACTACNVGGGTWTCTAAT	Sequencing by Synthesis	16S rRNA	V4	University of Colorado Anschutz	Diet Mouse C. diff	Illumina MiSeq
CDD02.Tc.HFLF.3.Spleen	GTCCGTCCTGGT	GTGYCAGCMGCCGCGGTAA	08/22/2024	Isolated bacteria to detect bacteremia	Earth Microbiome Project, 16S	GT	Illumina	Anschutz Center for Microbiome Excellence (ACME)	SEQ096	FWD:GTGYCAGCMGCCGCGGTAA; REV:GGACTACNVGGGTWTCTAAT	Sequencing by Synthesis	16S rRNA	V4	University of Colorado Anschutz	Diet Mouse C. diff	Illumina MiSeq
CDD02.Tc.HFHF.2.Liver	CGAGGCGAGTCA	GTGYCAGCMGCCGCGGTAA	08/22/2024	Isolated bacteria to detect bacteremia	Earth Microbiome Project, 16S	GT	Illumina	Anschutz Center for Microbiome Excellence (ACME)	SEQ096	FWD:GTGYCAGCMGCCGCGGTAA; REV:GGACTACNVGGGTWTCTAAT	Sequencing by Synthesis	16S rRNA	V4	University of Colorado Anschutz	Diet Mouse C. diff	Illumina MiSeq
CDD02.CR.HFHF.5.Blood	TGCGGCGTCAGG	GTGYCAGCMGCCGCGGTAA	08/22/2024	Isolated bacteria to detect bacteremia	Earth Microbiome Project, 16S	GT	Illumina	Anschutz Center for Microbiome Excellence (ACME)	SEQ096	FWD:GTGYCAGCMGCCGCGGTAA; REV:GGACTACNVGGGTWTCTAAT	Sequencing by Synthesis	16S rRNA	V4	University of Colorado Anschutz	Diet Mouse C. diff	Illumina MiSeq
