"MouseID","Diet","Treatment","Measure","Value","Units","MeasureLabel"
"CDD02.CR.HFHF.4","HFHF","CR","BUN",285.6716667,"mg/dL","BUN (mg/dL)"
"CDD02.CR.HFHF.4","HFHF","CR","sCD14",231873.1792,"pg/mL","sCD14 (pg/mL)"
"CDD02.CR.HFHF.4","HFHF","CR","IFN-y",0.479684175,"pg/mL","IFN-y (pg/mL)"
"CDD02.CR.HFHF.4","HFHF","CR","IL-1B",10.86832383,"pg/mL","IL-1B (pg/mL)"
"CDD02.CR.HFHF.4","HFHF","CR","IL-2",0.068923416,"pg/mL","IL-2 (pg/mL)"
"CDD02.CR.HFHF.4","HFHF","CR","IL-4",0.026325606,"pg/mL","IL-4 (pg/mL)"
"CDD02.CR.HFHF.4","HFHF","CR","IL-5",0.102317971,"pg/mL","IL-5 (pg/mL)"
"CDD02.CR.HFHF.4","HFHF","CR","IL-6",132.8201411,"pg/mL","IL-6 (pg/mL)"
"CDD02.CR.HFHF.4","HFHF","CR","KC-GRO",240.5946898,"pg/mL","KC-GRO (pg/mL)"
"CDD02.CR.HFHF.4","HFHF","CR","IL-10",53.00003186,"pg/mL","IL-10 (pg/mL)"
"CDD02.CR.HFHF.4","HFHF","CR","IL-12p70",0.007661293,"pg/mL","IL-12p70 (pg/mL)"
"CDD02.CR.HFHF.4","HFHF","CR","TNF-a",19.46711551,"pg/mL","TNF-a (pg/mL)"
"CDD02.CR.HFLF.1","HFLF","CR","BUN",111.7542036,"mg/dL","BUN (mg/dL)"
"CDD02.CR.HFLF.1","HFLF","CR","sCD14",150140.8696,"pg/mL","sCD14 (pg/mL)"
"CDD02.CR.HFLF.1","HFLF","CR","IFN-y",0.954924605,"pg/mL","IFN-y (pg/mL)"
"CDD02.CR.HFLF.1","HFLF","CR","IL-1B",6.09792519,"pg/mL","IL-1B (pg/mL)"
"CDD02.CR.HFLF.1","HFLF","CR","IL-2",2.400465496,"pg/mL","IL-2 (pg/mL)"
"CDD02.CR.HFLF.1","HFLF","CR","IL-4",0.676941229,"pg/mL","IL-4 (pg/mL)"
"CDD02.CR.HFLF.1","HFLF","CR","IL-5",4.110112894,"pg/mL","IL-5 (pg/mL)"
"CDD02.CR.HFLF.1","HFLF","CR","IL-6",1459.81394,"pg/mL","IL-6 (pg/mL)"
"CDD02.CR.HFLF.1","HFLF","CR","KC-GRO",516.5075141,"pg/mL","KC-GRO (pg/mL)"
"CDD02.CR.HFLF.1","HFLF","CR","IL-10",12.97711838,"pg/mL","IL-10 (pg/mL)"
"CDD02.CR.HFLF.1","HFLF","CR","IL-12p70",8.099873665,"pg/mL","IL-12p70 (pg/mL)"
"CDD02.CR.HFLF.1","HFLF","CR","TNF-a",27.5927854,"pg/mL","TNF-a (pg/mL)"
"CDD02.CR.LFLF.3","LFLF","CR","BUN",135.3647719,"mg/dL","BUN (mg/dL)"
"CDD02.CR.LFLF.3","LFLF","CR","sCD14",175909.3148,"pg/mL","sCD14 (pg/mL)"
"CDD02.CR.LFLF.3","LFLF","CR","IFN-y",0.96675191,"pg/mL","IFN-y (pg/mL)"
"CDD02.CR.LFLF.3","LFLF","CR","IL-1B",3.581191719,"pg/mL","IL-1B (pg/mL)"
"CDD02.CR.LFLF.3","LFLF","CR","IL-2",0.720491263,"pg/mL","IL-2 (pg/mL)"
"CDD02.CR.LFLF.3","LFLF","CR","IL-4",0.445342712,"pg/mL","IL-4 (pg/mL)"
"CDD02.CR.LFLF.3","LFLF","CR","IL-5",3.587030027,"pg/mL","IL-5 (pg/mL)"
"CDD02.CR.LFLF.3","LFLF","CR","IL-6",236.5155744,"pg/mL","IL-6 (pg/mL)"
"CDD02.CR.LFLF.3","LFLF","CR","KC-GRO",229.3771412,"pg/mL","KC-GRO (pg/mL)"
"CDD02.CR.LFLF.3","LFLF","CR","IL-10",15.64569647,"pg/mL","IL-10 (pg/mL)"
"CDD02.CR.LFLF.3","LFLF","CR","IL-12p70",0.007661293,"pg/mL","IL-12p70 (pg/mL)"
"CDD02.CR.LFLF.3","LFLF","CR","TNF-a",28.20406158,"pg/mL","TNF-a (pg/mL)"
"CDD02.CR.HFLF.5","HFLF","CR","BUN",46.41085385,"mg/dL","BUN (mg/dL)"
"CDD02.CR.HFLF.5","HFLF","CR","sCD14",97830.85385,"pg/mL","sCD14 (pg/mL)"
"CDD02.CR.HFLF.5","HFLF","CR","IFN-y",1.139622382,"pg/mL","IFN-y (pg/mL)"
"CDD02.CR.HFLF.5","HFLF","CR","IL-1B",5.050715962,"pg/mL","IL-1B (pg/mL)"
"CDD02.CR.HFLF.5","HFLF","CR","IL-2",1.247436359,"pg/mL","IL-2 (pg/mL)"
"CDD02.CR.HFLF.5","HFLF","CR","IL-4",1.263808503,"pg/mL","IL-4 (pg/mL)"
"CDD02.CR.HFLF.5","HFLF","CR","IL-5",8.497112869,"pg/mL","IL-5 (pg/mL)"
"CDD02.CR.HFLF.5","HFLF","CR","IL-6",133.8303942,"pg/mL","IL-6 (pg/mL)"
"CDD02.CR.HFLF.5","HFLF","CR","KC-GRO",689.5926687,"pg/mL","KC-GRO (pg/mL)"
"CDD02.CR.HFLF.5","HFLF","CR","IL-10",23.73808499,"pg/mL","IL-10 (pg/mL)"
"CDD02.CR.HFLF.5","HFLF","CR","IL-12p70",1.374305707,"pg/mL","IL-12p70 (pg/mL)"
"CDD02.CR.HFLF.5","HFLF","CR","TNF-a",27.10327346,"pg/mL","TNF-a (pg/mL)"
"CDD02.CR.HFLF.4","HFLF","CR","BUN",181.187676,"mg/dL","BUN (mg/dL)"
"CDD02.CR.HFLF.4","HFLF","CR","sCD14",250909.566,"pg/mL","sCD14 (pg/mL)"
"CDD02.CR.HFLF.4","HFLF","CR","IFN-y",0.383589796,"pg/mL","IFN-y (pg/mL)"
"CDD02.CR.HFLF.4","HFLF","CR","IL-1B",9.1370758,"pg/mL","IL-1B (pg/mL)"
"CDD02.CR.HFLF.4","HFLF","CR","IL-2",0.153471113,"pg/mL","IL-2 (pg/mL)"
"CDD02.CR.HFLF.4","HFLF","CR","IL-4",0.185845301,"pg/mL","IL-4 (pg/mL)"
"CDD02.CR.HFLF.4","HFLF","CR","IL-5",0.677331289,"pg/mL","IL-5 (pg/mL)"
"CDD02.CR.HFLF.4","HFLF","CR","IL-6",466.673396,"pg/mL","IL-6 (pg/mL)"
"CDD02.CR.HFLF.4","HFLF","CR","KC-GRO",1997.362787,"pg/mL","KC-GRO (pg/mL)"
"CDD02.CR.HFLF.4","HFLF","CR","IL-10",48.18693619,"pg/mL","IL-10 (pg/mL)"
"CDD02.CR.HFLF.4","HFLF","CR","IL-12p70",0.007661293,"pg/mL","IL-12p70 (pg/mL)"
"CDD02.CR.HFLF.4","HFLF","CR","TNF-a",46.25867539,"pg/mL","TNF-a (pg/mL)"
"CDD02.CR.LFHF.2","LFHF","CR","BUN",54.43602656,"mg/dL","BUN (mg/dL)"
"CDD02.CR.LFHF.2","LFHF","CR","sCD14",184480.1367,"pg/mL","sCD14 (pg/mL)"
"CDD02.CR.LFHF.2","LFHF","CR","IFN-y",1.27386502,"pg/mL","IFN-y (pg/mL)"
"CDD02.CR.LFHF.2","LFHF","CR","IL-1B",8.179060344,"pg/mL","IL-1B (pg/mL)"
"CDD02.CR.LFHF.2","LFHF","CR","IL-2",1.813925328,"pg/mL","IL-2 (pg/mL)"
"CDD02.CR.LFHF.2","LFHF","CR","IL-4",0.026325606,"pg/mL","IL-4 (pg/mL)"
"CDD02.CR.LFHF.2","LFHF","CR","IL-5",2.848018704,"pg/mL","IL-5 (pg/mL)"
"CDD02.CR.LFHF.2","LFHF","CR","IL-6",1002.742378,"pg/mL","IL-6 (pg/mL)"
"CDD02.CR.LFHF.2","LFHF","CR","KC-GRO",744.0712999,"pg/mL","KC-GRO (pg/mL)"
"CDD02.CR.LFHF.2","LFHF","CR","IL-10",30.50202042,"pg/mL","IL-10 (pg/mL)"
"CDD02.CR.LFHF.2","LFHF","CR","IL-12p70",10.14249227,"pg/mL","IL-12p70 (pg/mL)"
"CDD02.CR.LFHF.2","LFHF","CR","TNF-a",23.90670246,"pg/mL","TNF-a (pg/mL)"
"CDD02.Tc.HFHF.3","HFHF","Tc","BUN",106.0819071,"mg/dL","BUN (mg/dL)"
"CDD02.Tc.HFHF.3","HFHF","Tc","sCD14",354050.2339,"pg/mL","sCD14 (pg/mL)"
"CDD02.Tc.HFHF.3","HFHF","Tc","IFN-y",0.684981779,"pg/mL","IFN-y (pg/mL)"
"CDD02.Tc.HFHF.3","HFHF","Tc","IL-1B",11.97028029,"pg/mL","IL-1B (pg/mL)"
"CDD02.Tc.HFHF.3","HFHF","Tc","IL-2",3.71165147,"pg/mL","IL-2 (pg/mL)"
"CDD02.Tc.HFHF.3","HFHF","Tc","IL-4",0.026325606,"pg/mL","IL-4 (pg/mL)"
"CDD02.Tc.HFHF.3","HFHF","Tc","IL-5",4.32383582,"pg/mL","IL-5 (pg/mL)"
"CDD02.Tc.HFHF.3","HFHF","Tc","IL-6",5941.249864,"pg/mL","IL-6 (pg/mL)"
"CDD02.Tc.HFHF.3","HFHF","Tc","KC-GRO",675.9005804,"pg/mL","KC-GRO (pg/mL)"
"CDD02.Tc.HFHF.3","HFHF","Tc","IL-10",105.0580315,"pg/mL","IL-10 (pg/mL)"
"CDD02.Tc.HFHF.3","HFHF","Tc","IL-12p70",0.007661293,"pg/mL","IL-12p70 (pg/mL)"
"CDD02.Tc.HFHF.3","HFHF","Tc","TNF-a",42.92488916,"pg/mL","TNF-a (pg/mL)"
"CDD02.CR.HFHF.1","HFHF","CR","BUN",56.02926848,"mg/dL","BUN (mg/dL)"
"CDD02.CR.HFHF.1","HFHF","CR","sCD14",90396.40109,"pg/mL","sCD14 (pg/mL)"
"CDD02.CR.HFHF.1","HFHF","CR","IFN-y",0.50966127,"pg/mL","IFN-y (pg/mL)"
"CDD02.CR.HFHF.1","HFHF","CR","IL-1B",4.046846478,"pg/mL","IL-1B (pg/mL)"
"CDD02.CR.HFHF.1","HFHF","CR","IL-2",0.544817908,"pg/mL","IL-2 (pg/mL)"
"CDD02.CR.HFHF.1","HFHF","CR","IL-4",0.026325606,"pg/mL","IL-4 (pg/mL)"
"CDD02.CR.HFHF.1","HFHF","CR","IL-5",3.960220213,"pg/mL","IL-5 (pg/mL)"
"CDD02.CR.HFHF.1","HFHF","CR","IL-6",81.27091413,"pg/mL","IL-6 (pg/mL)"
"CDD02.CR.HFHF.1","HFHF","CR","KC-GRO",195.053062,"pg/mL","KC-GRO (pg/mL)"
"CDD02.CR.HFHF.1","HFHF","CR","IL-10",12.96381666,"pg/mL","IL-10 (pg/mL)"
"CDD02.CR.HFHF.1","HFHF","CR","IL-12p70",0.007661293,"pg/mL","IL-12p70 (pg/mL)"
"CDD02.CR.HFHF.1","HFHF","CR","TNF-a",17.12656912,"pg/mL","TNF-a (pg/mL)"
"CDD02.Tc.LFLF.5","LFLF","Tc","BUN",183.858075,"mg/dL","BUN (mg/dL)"
"CDD02.Tc.LFLF.5","LFLF","Tc","sCD14",204253.6644,"pg/mL","sCD14 (pg/mL)"
"CDD02.Tc.LFLF.5","LFLF","Tc","IFN-y",0.186053703,"pg/mL","IFN-y (pg/mL)"
"CDD02.Tc.LFLF.5","LFLF","Tc","IL-1B",5.808877115,"pg/mL","IL-1B (pg/mL)"
"CDD02.Tc.LFLF.5","LFLF","Tc","IL-2",0.502502269,"pg/mL","IL-2 (pg/mL)"
"CDD02.Tc.LFLF.5","LFLF","Tc","IL-4",0.026325606,"pg/mL","IL-4 (pg/mL)"
"CDD02.Tc.LFLF.5","LFLF","Tc","IL-5",0.719256979,"pg/mL","IL-5 (pg/mL)"
"CDD02.Tc.LFLF.5","LFLF","Tc","IL-6",503.4695846,"pg/mL","IL-6 (pg/mL)"
"CDD02.Tc.LFLF.5","LFLF","Tc","KC-GRO",695.2820725,"pg/mL","KC-GRO (pg/mL)"
"CDD02.Tc.LFLF.5","LFLF","Tc","IL-10",14.37872965,"pg/mL","IL-10 (pg/mL)"
"CDD02.Tc.LFLF.5","LFLF","Tc","IL-12p70",0.007661293,"pg/mL","IL-12p70 (pg/mL)"
"CDD02.Tc.LFLF.5","LFLF","Tc","TNF-a",22.01189753,"pg/mL","TNF-a (pg/mL)"
"CDD02.Tc.HFLF.4","HFLF","Tc","BUN",152.7986769,"mg/dL","BUN (mg/dL)"
"CDD02.Tc.HFLF.4","HFLF","Tc","sCD14",447469.4769,"pg/mL","sCD14 (pg/mL)"
"CDD02.Tc.HFLF.4","HFLF","Tc","IFN-y",2.505385087,"pg/mL","IFN-y (pg/mL)"
"CDD02.Tc.HFLF.4","HFLF","Tc","IL-1B",51.43922392,"pg/mL","IL-1B (pg/mL)"
"CDD02.Tc.HFLF.4","HFLF","Tc","IL-2",3.270787648,"pg/mL","IL-2 (pg/mL)"
"CDD02.Tc.HFLF.4","HFLF","Tc","IL-4",0.026325606,"pg/mL","IL-4 (pg/mL)"
"CDD02.Tc.HFLF.4","HFLF","Tc","IL-5",11.49649951,"pg/mL","IL-5 (pg/mL)"
"CDD02.Tc.HFLF.4","HFLF","Tc","IL-6",11796.61215,"pg/mL","IL-6 (pg/mL)"
"CDD02.Tc.HFLF.4","HFLF","Tc","KC-GRO",4510.242516,"pg/mL","KC-GRO (pg/mL)"
"CDD02.Tc.HFLF.4","HFLF","Tc","IL-10",66.22558279,"pg/mL","IL-10 (pg/mL)"
"CDD02.Tc.HFLF.4","HFLF","Tc","IL-12p70",0.007661293,"pg/mL","IL-12p70 (pg/mL)"
"CDD02.Tc.HFLF.4","HFLF","Tc","TNF-a",53.70448031,"pg/mL","TNF-a (pg/mL)"
"CDD02.CR.HFHF.2","HFHF","CR","BUN",98.78878929,"mg/dL","BUN (mg/dL)"
"CDD02.CR.HFHF.2","HFHF","CR","sCD14",100954.2589,"pg/mL","sCD14 (pg/mL)"
"CDD02.CR.HFHF.2","HFHF","CR","IFN-y",0.02020846,"pg/mL","IFN-y (pg/mL)"
"CDD02.CR.HFHF.2","HFHF","CR","IL-1B",18.45894436,"pg/mL","IL-1B (pg/mL)"
"CDD02.CR.HFHF.2","HFHF","CR","IL-2",1.170497433,"pg/mL","IL-2 (pg/mL)"
"CDD02.CR.HFHF.2","HFHF","CR","IL-4",0.026325606,"pg/mL","IL-4 (pg/mL)"
"CDD02.CR.HFHF.2","HFHF","CR","IL-5",2.574439407,"pg/mL","IL-5 (pg/mL)"
"CDD02.CR.HFHF.2","HFHF","CR","IL-6",153.4610914,"pg/mL","IL-6 (pg/mL)"
"CDD02.CR.HFHF.2","HFHF","CR","KC-GRO",437.8660066,"pg/mL","KC-GRO (pg/mL)"
"CDD02.CR.HFHF.2","HFHF","CR","IL-10",25.64332273,"pg/mL","IL-10 (pg/mL)"
"CDD02.CR.HFHF.2","HFHF","CR","IL-12p70",0.007661293,"pg/mL","IL-12p70 (pg/mL)"
"CDD02.CR.HFHF.2","HFHF","CR","TNF-a",28.21090922,"pg/mL","TNF-a (pg/mL)"
"CDD02.CR.LFLF.4","LFLF","CR","BUN",106.2291625,"mg/dL","BUN (mg/dL)"
"CDD02.CR.LFLF.4","LFLF","CR","sCD14",141096.1469,"pg/mL","sCD14 (pg/mL)"
"CDD02.CR.LFLF.4","LFLF","CR","IFN-y",0.626528663,"pg/mL","IFN-y (pg/mL)"
"CDD02.CR.LFLF.4","LFLF","CR","IL-1B",7.348827083,"pg/mL","IL-1B (pg/mL)"
"CDD02.CR.LFLF.4","LFLF","CR","IL-2",1.491319405,"pg/mL","IL-2 (pg/mL)"
"CDD02.CR.LFLF.4","LFLF","CR","IL-4",0.026325606,"pg/mL","IL-4 (pg/mL)"
"CDD02.CR.LFLF.4","LFLF","CR","IL-5",4.206353258,"pg/mL","IL-5 (pg/mL)"
"CDD02.CR.LFLF.4","LFLF","CR","IL-6",232.9703963,"pg/mL","IL-6 (pg/mL)"
"CDD02.CR.LFLF.4","LFLF","CR","KC-GRO",388.1804599,"pg/mL","KC-GRO (pg/mL)"
"CDD02.CR.LFLF.4","LFLF","CR","IL-10",14.64934157,"pg/mL","IL-10 (pg/mL)"
"CDD02.CR.LFLF.4","LFLF","CR","IL-12p70",1.002509156,"pg/mL","IL-12p70 (pg/mL)"
"CDD02.CR.LFLF.4","LFLF","CR","TNF-a",28.68192129,"pg/mL","TNF-a (pg/mL)"
"CDD02.CR.LFLF.5","LFLF","CR","BUN",96.57194545,"mg/dL","BUN (mg/dL)"
"CDD02.CR.LFLF.5","LFLF","CR","sCD14",95912.87955,"pg/mL","sCD14 (pg/mL)"
"CDD02.CR.LFLF.5","LFLF","CR","IFN-y",0.02020846,"pg/mL","IFN-y (pg/mL)"
"CDD02.CR.LFLF.5","LFLF","CR","IL-1B",3.472670758,"pg/mL","IL-1B (pg/mL)"
"CDD02.CR.LFLF.5","LFLF","CR","IL-2",1.533717329,"pg/mL","IL-2 (pg/mL)"
"CDD02.CR.LFLF.5","LFLF","CR","IL-4",0.026325606,"pg/mL","IL-4 (pg/mL)"
"CDD02.CR.LFLF.5","LFLF","CR","IL-5",2.36278805,"pg/mL","IL-5 (pg/mL)"
"CDD02.CR.LFLF.5","LFLF","CR","IL-6",204.9652085,"pg/mL","IL-6 (pg/mL)"
"CDD02.CR.LFLF.5","LFLF","CR","KC-GRO",360.4510035,"pg/mL","KC-GRO (pg/mL)"
"CDD02.CR.LFLF.5","LFLF","CR","IL-10",14.78905872,"pg/mL","IL-10 (pg/mL)"
"CDD02.CR.LFLF.5","LFLF","CR","IL-12p70",0.007661293,"pg/mL","IL-12p70 (pg/mL)"
"CDD02.CR.LFLF.5","LFLF","CR","TNF-a",14.33639034,"pg/mL","TNF-a (pg/mL)"
"CDD02.Tc.LFLF.2","LFLF","Tc","BUN",109.52991,"mg/dL","BUN (mg/dL)"
"CDD02.Tc.LFLF.2","LFLF","Tc","sCD14",562688.97,"pg/mL","sCD14 (pg/mL)"
"CDD02.Tc.LFLF.2","LFLF","Tc","IFN-y",0.344341124,"pg/mL","IFN-y (pg/mL)"
"CDD02.Tc.LFLF.2","LFLF","Tc","IL-1B",10.1863248,"pg/mL","IL-1B (pg/mL)"
"CDD02.Tc.LFLF.2","LFLF","Tc","IL-2",0.034461708,"pg/mL","IL-2 (pg/mL)"
"CDD02.Tc.LFLF.2","LFLF","Tc","IL-4",0.026325606,"pg/mL","IL-4 (pg/mL)"
"CDD02.Tc.LFLF.2","LFLF","Tc","IL-5",0.844734155,"pg/mL","IL-5 (pg/mL)"
"CDD02.Tc.LFLF.2","LFLF","Tc","IL-6",1809.435992,"pg/mL","IL-6 (pg/mL)"
"CDD02.Tc.LFLF.2","LFLF","Tc","KC-GRO",2724.231997,"pg/mL","KC-GRO (pg/mL)"
"CDD02.Tc.LFLF.2","LFLF","Tc","IL-10",42.75037977,"pg/mL","IL-10 (pg/mL)"
"CDD02.Tc.LFLF.2","LFLF","Tc","IL-12p70",0.007661293,"pg/mL","IL-12p70 (pg/mL)"
"CDD02.Tc.LFLF.2","LFLF","Tc","TNF-a",43.04371317,"pg/mL","TNF-a (pg/mL)"
"CDD02.CR.LFLF.1","LFLF","CR","BUN",64.55325682,"mg/dL","BUN (mg/dL)"
"CDD02.CR.LFLF.1","LFLF","CR","sCD14",140752.6568,"pg/mL","sCD14 (pg/mL)"
"CDD02.CR.LFLF.1","LFLF","CR","IFN-y",0.727394514,"pg/mL","IFN-y (pg/mL)"
"CDD02.CR.LFLF.1","LFLF","CR","IL-1B",6.541367818,"pg/mL","IL-1B (pg/mL)"
"CDD02.CR.LFLF.1","LFLF","CR","IL-2",1.565810233,"pg/mL","IL-2 (pg/mL)"
"CDD02.CR.LFLF.1","LFLF","CR","IL-4",0.026325606,"pg/mL","IL-4 (pg/mL)"
"CDD02.CR.LFLF.1","LFLF","CR","IL-5",10.82827332,"pg/mL","IL-5 (pg/mL)"
"CDD02.CR.LFLF.1","LFLF","CR","IL-6",339.5138036,"pg/mL","IL-6 (pg/mL)"
"CDD02.CR.LFLF.1","LFLF","CR","KC-GRO",524.5037332,"pg/mL","KC-GRO (pg/mL)"
"CDD02.CR.LFLF.1","LFLF","CR","IL-10",26.73085319,"pg/mL","IL-10 (pg/mL)"
"CDD02.CR.LFLF.1","LFLF","CR","IL-12p70",0.916902985,"pg/mL","IL-12p70 (pg/mL)"
"CDD02.CR.LFLF.1","LFLF","CR","TNF-a",23.55620211,"pg/mL","TNF-a (pg/mL)"
"CDD02.Tc.LFLF.1","LFLF","Tc","BUN",317.4498,"mg/dL","BUN (mg/dL)"
"CDD02.Tc.LFLF.1","LFLF","Tc","sCD14",310319.3925,"pg/mL","sCD14 (pg/mL)"
"CDD02.Tc.LFLF.1","LFLF","Tc","IFN-y",1.182645338,"pg/mL","IFN-y (pg/mL)"
"CDD02.Tc.LFLF.1","LFLF","Tc","IL-1B",13.6156556,"pg/mL","IL-1B (pg/mL)"
"CDD02.Tc.LFLF.1","LFLF","Tc","IL-2",2.706961085,"pg/mL","IL-2 (pg/mL)"
"CDD02.Tc.LFLF.1","LFLF","Tc","IL-4",0.026325606,"pg/mL","IL-4 (pg/mL)"
"CDD02.Tc.LFLF.1","LFLF","Tc","IL-5",12.12675472,"pg/mL","IL-5 (pg/mL)"
"CDD02.Tc.LFLF.1","LFLF","Tc","IL-6",220.008457,"pg/mL","IL-6 (pg/mL)"
"CDD02.Tc.LFLF.1","LFLF","Tc","KC-GRO",755.121229,"pg/mL","KC-GRO (pg/mL)"
"CDD02.Tc.LFLF.1","LFLF","Tc","IL-10",34.7217458,"pg/mL","IL-10 (pg/mL)"
"CDD02.Tc.LFLF.1","LFLF","Tc","IL-12p70",0.007661293,"pg/mL","IL-12p70 (pg/mL)"
"CDD02.Tc.LFLF.1","LFLF","Tc","TNF-a",44.0227291,"pg/mL","TNF-a (pg/mL)"
"CDD02.Tc.LFLF.4","LFLF","Tc","BUN",49.72586786,"mg/dL","BUN (mg/dL)"
"CDD02.Tc.LFLF.4","LFLF","Tc","sCD14",72411.01964,"pg/mL","sCD14 (pg/mL)"
"CDD02.Tc.LFLF.4","LFLF","Tc","IFN-y",0.775476336,"pg/mL","IFN-y (pg/mL)"
"CDD02.Tc.LFLF.4","LFLF","Tc","IL-1B",4.059795524,"pg/mL","IL-1B (pg/mL)"
"CDD02.Tc.LFLF.4","LFLF","Tc","IL-2",0.660461338,"pg/mL","IL-2 (pg/mL)"
"CDD02.Tc.LFLF.4","LFLF","Tc","IL-4",0.026325606,"pg/mL","IL-4 (pg/mL)"
"CDD02.Tc.LFLF.4","LFLF","Tc","IL-5",5.241363921,"pg/mL","IL-5 (pg/mL)"
"CDD02.Tc.LFLF.4","LFLF","Tc","IL-6",242.4947929,"pg/mL","IL-6 (pg/mL)"
"CDD02.Tc.LFLF.4","LFLF","Tc","KC-GRO",475.5103605,"pg/mL","KC-GRO (pg/mL)"
"CDD02.Tc.LFLF.4","LFLF","Tc","IL-10",12.63537064,"pg/mL","IL-10 (pg/mL)"
"CDD02.Tc.LFLF.4","LFLF","Tc","IL-12p70",0.007661293,"pg/mL","IL-12p70 (pg/mL)"
"CDD02.Tc.LFLF.4","LFLF","Tc","TNF-a",17.98182275,"pg/mL","TNF-a (pg/mL)"
"CDD02.Tc.HFLF.5","HFLF","Tc","BUN",49.09232,"mg/dL","BUN (mg/dL)"
"CDD02.Tc.HFLF.5","HFLF","Tc","sCD14",158022.685,"pg/mL","sCD14 (pg/mL)"
"CDD02.Tc.HFLF.5","HFLF","Tc","IFN-y",0.47772514,"pg/mL","IFN-y (pg/mL)"
"CDD02.Tc.HFLF.5","HFLF","Tc","IL-1B",5.515348689,"pg/mL","IL-1B (pg/mL)"
"CDD02.Tc.HFLF.5","HFLF","Tc","IL-2",1.485463198,"pg/mL","IL-2 (pg/mL)"
"CDD02.Tc.HFLF.5","HFLF","Tc","IL-4",0.026325606,"pg/mL","IL-4 (pg/mL)"
"CDD02.Tc.HFLF.5","HFLF","Tc","IL-5",1.677617074,"pg/mL","IL-5 (pg/mL)"
"CDD02.Tc.HFLF.5","HFLF","Tc","IL-6",1370.832724,"pg/mL","IL-6 (pg/mL)"
"CDD02.Tc.HFLF.5","HFLF","Tc","KC-GRO",672.9139492,"pg/mL","KC-GRO (pg/mL)"
"CDD02.Tc.HFLF.5","HFLF","Tc","IL-10",11.55132027,"pg/mL","IL-10 (pg/mL)"
"CDD02.Tc.HFLF.5","HFLF","Tc","IL-12p70",0.017025096,"pg/mL","IL-12p70 (pg/mL)"
"CDD02.Tc.HFLF.5","HFLF","Tc","TNF-a",17.23566778,"pg/mL","TNF-a (pg/mL)"
"CDD02.Tc.LFLF.3","LFLF","Tc","BUN",84.81352941,"mg/dL","BUN (mg/dL)"
"CDD02.Tc.LFLF.3","LFLF","Tc","sCD14",176555.8809,"pg/mL","sCD14 (pg/mL)"
"CDD02.Tc.LFLF.3","LFLF","Tc","IFN-y",0.02020846,"pg/mL","IFN-y (pg/mL)"
"CDD02.Tc.LFLF.3","LFLF","Tc","IL-1B",5.631362471,"pg/mL","IL-1B (pg/mL)"
"CDD02.Tc.LFLF.3","LFLF","Tc","IL-2",0.034461708,"pg/mL","IL-2 (pg/mL)"
"CDD02.Tc.LFLF.3","LFLF","Tc","IL-4",0.026325606,"pg/mL","IL-4 (pg/mL)"
"CDD02.Tc.LFLF.3","LFLF","Tc","IL-5",0.839166887,"pg/mL","IL-5 (pg/mL)"
"CDD02.Tc.LFLF.3","LFLF","Tc","IL-6",420.9753306,"pg/mL","IL-6 (pg/mL)"
"CDD02.Tc.LFLF.3","LFLF","Tc","KC-GRO",292.723103,"pg/mL","KC-GRO (pg/mL)"
"CDD02.Tc.LFLF.3","LFLF","Tc","IL-10",19.73086638,"pg/mL","IL-10 (pg/mL)"
"CDD02.Tc.LFLF.3","LFLF","Tc","IL-12p70",0.501009457,"pg/mL","IL-12p70 (pg/mL)"
"CDD02.Tc.LFLF.3","LFLF","Tc","TNF-a",22.40823492,"pg/mL","TNF-a (pg/mL)"
"CDD02.Tc.HFHF.5","HFHF","Tc","BUN",48.43797931,"mg/dL","BUN (mg/dL)"
"CDD02.Tc.HFHF.5","HFHF","Tc","sCD14",18457.41724,"pg/mL","sCD14 (pg/mL)"
"CDD02.Tc.HFHF.5","HFHF","Tc","IFN-y",0.875674157,"pg/mL","IFN-y (pg/mL)"
"CDD02.Tc.HFHF.5","HFHF","Tc","IL-1B",3.180340897,"pg/mL","IL-1B (pg/mL)"
"CDD02.Tc.HFHF.5","HFHF","Tc","IL-2",1.419770508,"pg/mL","IL-2 (pg/mL)"
"CDD02.Tc.HFHF.5","HFHF","Tc","IL-4",0.026325606,"pg/mL","IL-4 (pg/mL)"
"CDD02.Tc.HFHF.5","HFHF","Tc","IL-5",2.431826204,"pg/mL","IL-5 (pg/mL)"
"CDD02.Tc.HFHF.5","HFHF","Tc","IL-6",7.578931552,"pg/mL","IL-6 (pg/mL)"
"CDD02.Tc.HFHF.5","HFHF","Tc","KC-GRO",64.06330624,"pg/mL","KC-GRO (pg/mL)"
"CDD02.Tc.HFHF.5","HFHF","Tc","IL-10",11.34039926,"pg/mL","IL-10 (pg/mL)"
"CDD02.Tc.HFHF.5","HFHF","Tc","IL-12p70",0.007661293,"pg/mL","IL-12p70 (pg/mL)"
"CDD02.Tc.HFHF.5","HFHF","Tc","TNF-a",13.81793101,"pg/mL","TNF-a (pg/mL)"
"CDD02.Tc.HFHF.4","HFHF","Tc","BUN",43.6115,"mg/dL","BUN (mg/dL)"
"CDD02.Tc.HFHF.4","HFHF","Tc","sCD14",9058.114286,"pg/mL","sCD14 (pg/mL)"
"CDD02.Tc.HFHF.4","HFHF","Tc","IFN-y",0.502245045,"pg/mL","IFN-y (pg/mL)"
"CDD02.Tc.HFHF.4","HFHF","Tc","IL-1B",1.585272762,"pg/mL","IL-1B (pg/mL)"
"CDD02.Tc.HFHF.4","HFHF","Tc","IL-2",0.46448449,"pg/mL","IL-2 (pg/mL)"
"CDD02.Tc.HFHF.4","HFHF","Tc","IL-4",0.026325606,"pg/mL","IL-4 (pg/mL)"
"CDD02.Tc.HFHF.4","HFHF","Tc","IL-5",1.512013246,"pg/mL","IL-5 (pg/mL)"
"CDD02.Tc.HFHF.4","HFHF","Tc","IL-6",21.23796552,"pg/mL","IL-6 (pg/mL)"
"CDD02.Tc.HFHF.4","HFHF","Tc","KC-GRO",61.10217768,"pg/mL","KC-GRO (pg/mL)"
"CDD02.Tc.HFHF.4","HFHF","Tc","IL-10",11.51471261,"pg/mL","IL-10 (pg/mL)"
"CDD02.Tc.HFHF.4","HFHF","Tc","IL-12p70",0.007661293,"pg/mL","IL-12p70 (pg/mL)"
"CDD02.Tc.HFHF.4","HFHF","Tc","TNF-a",12.0320079,"pg/mL","TNF-a (pg/mL)"
"CDD02.CR.LFHF.5","LFHF","CR","BUN",45.14513636,"mg/dL","BUN (mg/dL)"
"CDD02.CR.LFHF.5","LFHF","CR","sCD14",20710.88182,"pg/mL","sCD14 (pg/mL)"
"CDD02.CR.LFHF.5","LFHF","CR","IFN-y",0.932980951,"pg/mL","IFN-y (pg/mL)"
"CDD02.CR.LFHF.5","LFHF","CR","IL-1B",2.784114455,"pg/mL","IL-1B (pg/mL)"
"CDD02.CR.LFHF.5","LFHF","CR","IL-2",2.454074675,"pg/mL","IL-2 (pg/mL)"
"CDD02.CR.LFHF.5","LFHF","CR","IL-4",0.026325606,"pg/mL","IL-4 (pg/mL)"
"CDD02.CR.LFHF.5","LFHF","CR","IL-5",5.475368404,"pg/mL","IL-5 (pg/mL)"
"CDD02.CR.LFHF.5","LFHF","CR","IL-6",29.630548,"pg/mL","IL-6 (pg/mL)"
"CDD02.CR.LFHF.5","LFHF","CR","KC-GRO",60.57232624,"pg/mL","KC-GRO (pg/mL)"
"CDD02.CR.LFHF.5","LFHF","CR","IL-10",16.51690593,"pg/mL","IL-10 (pg/mL)"
"CDD02.CR.LFHF.5","LFHF","CR","IL-12p70",0.007661293,"pg/mL","IL-12p70 (pg/mL)"
"CDD02.CR.LFHF.5","LFHF","CR","TNF-a",20.6829846,"pg/mL","TNF-a (pg/mL)"
"CDD02.CR.HFHF.3","HFHF","CR","BUN",46.41083333,"mg/dL","BUN (mg/dL)"
"CDD02.CR.HFHF.3","HFHF","CR","sCD14",22185.37955,"pg/mL","sCD14 (pg/mL)"
"CDD02.CR.HFHF.3","HFHF","CR","IFN-y",1.165627092,"pg/mL","IFN-y (pg/mL)"
"CDD02.CR.HFHF.3","HFHF","CR","IL-1B",2.122876909,"pg/mL","IL-1B (pg/mL)"
"CDD02.CR.HFHF.3","HFHF","CR","IL-2",0.41601952,"pg/mL","IL-2 (pg/mL)"
"CDD02.CR.HFHF.3","HFHF","CR","IL-4",0.026325606,"pg/mL","IL-4 (pg/mL)"
"CDD02.CR.HFHF.3","HFHF","CR","IL-5",5.856906486,"pg/mL","IL-5 (pg/mL)"
"CDD02.CR.HFHF.3","HFHF","CR","IL-6",33.8021603,"pg/mL","IL-6 (pg/mL)"
"CDD02.CR.HFHF.3","HFHF","CR","KC-GRO",33.61399445,"pg/mL","KC-GRO (pg/mL)"
"CDD02.CR.HFHF.3","HFHF","CR","IL-10",16.29227975,"pg/mL","IL-10 (pg/mL)"
"CDD02.CR.HFHF.3","HFHF","CR","IL-12p70",0.007661293,"pg/mL","IL-12p70 (pg/mL)"
"CDD02.CR.HFHF.3","HFHF","CR","TNF-a",17.36751294,"pg/mL","TNF-a (pg/mL)"
"CDD02.CR.LFHF.1","LFHF","CR","BUN",49.85645455,"mg/dL","BUN (mg/dL)"
"CDD02.CR.LFHF.1","LFHF","CR","sCD14",19504.35341,"pg/mL","sCD14 (pg/mL)"
"CDD02.CR.LFHF.1","LFHF","CR","IFN-y",0.488582529,"pg/mL","IFN-y (pg/mL)"
"CDD02.CR.LFHF.1","LFHF","CR","IL-1B",0.889575591,"pg/mL","IL-1B (pg/mL)"
"CDD02.CR.LFHF.1","LFHF","CR","IL-2",0.40268831,"pg/mL","IL-2 (pg/mL)"
"CDD02.CR.LFHF.1","LFHF","CR","IL-4",0.026325606,"pg/mL","IL-4 (pg/mL)"
"CDD02.CR.LFHF.1","LFHF","CR","IL-5",3.977574606,"pg/mL","IL-5 (pg/mL)"
"CDD02.CR.LFHF.1","LFHF","CR","IL-6",0.421155568,"pg/mL","IL-6 (pg/mL)"
"CDD02.CR.LFHF.1","LFHF","CR","KC-GRO",46.09746755,"pg/mL","KC-GRO (pg/mL)"
"CDD02.CR.LFHF.1","LFHF","CR","IL-10",8.962565269,"pg/mL","IL-10 (pg/mL)"
"CDD02.CR.LFHF.1","LFHF","CR","IL-12p70",0.007661293,"pg/mL","IL-12p70 (pg/mL)"
"CDD02.CR.LFHF.1","LFHF","CR","TNF-a",9.369318099,"pg/mL","TNF-a (pg/mL)"
"CDD02.Tc.LFHF.5","LFHF","Tc","BUN",49.6905,"mg/dL","BUN (mg/dL)"
"CDD02.Tc.LFHF.5","LFHF","Tc","sCD14",18800.5815,"pg/mL","sCD14 (pg/mL)"
"CDD02.Tc.LFHF.5","LFHF","Tc","IFN-y",0.612189655,"pg/mL","IFN-y (pg/mL)"
"CDD02.Tc.LFHF.5","LFHF","Tc","IL-1B",0.99371142,"pg/mL","IL-1B (pg/mL)"
"CDD02.Tc.LFHF.5","LFHF","Tc","IL-2",0.783081565,"pg/mL","IL-2 (pg/mL)"
"CDD02.Tc.LFHF.5","LFHF","Tc","IL-4",0.026325606,"pg/mL","IL-4 (pg/mL)"
"CDD02.Tc.LFHF.5","LFHF","Tc","IL-5",2.57083327,"pg/mL","IL-5 (pg/mL)"
"CDD02.Tc.LFHF.5","LFHF","Tc","IL-6",6.50630148,"pg/mL","IL-6 (pg/mL)"
"CDD02.Tc.LFHF.5","LFHF","Tc","KC-GRO",50.87721013,"pg/mL","KC-GRO (pg/mL)"
"CDD02.Tc.LFHF.5","LFHF","Tc","IL-10",8.985585527,"pg/mL","IL-10 (pg/mL)"
"CDD02.Tc.LFHF.5","LFHF","Tc","IL-12p70",0.007661293,"pg/mL","IL-12p70 (pg/mL)"
"CDD02.Tc.LFHF.5","LFHF","Tc","TNF-a",11.88808869,"pg/mL","TNF-a (pg/mL)"
"CDD02.Tc.LFHF.2","LFHF","Tc","BUN",43.68077941,"mg/dL","BUN (mg/dL)"
"CDD02.Tc.LFHF.2","LFHF","Tc","sCD14",16718.89632,"pg/mL","sCD14 (pg/mL)"
"CDD02.Tc.LFHF.2","LFHF","Tc","IFN-y",0.660899698,"pg/mL","IFN-y (pg/mL)"
"CDD02.Tc.LFHF.2","LFHF","Tc","IL-1B",1.379000294,"pg/mL","IL-1B (pg/mL)"
"CDD02.Tc.LFHF.2","LFHF","Tc","IL-2",0.579931576,"pg/mL","IL-2 (pg/mL)"
"CDD02.Tc.LFHF.2","LFHF","Tc","IL-4",0.026325606,"pg/mL","IL-4 (pg/mL)"
"CDD02.Tc.LFHF.2","LFHF","Tc","IL-5",2.074204703,"pg/mL","IL-5 (pg/mL)"
"CDD02.Tc.LFHF.2","LFHF","Tc","IL-6",6.134935,"pg/mL","IL-6 (pg/mL)"
"CDD02.Tc.LFHF.2","LFHF","Tc","KC-GRO",60.78407077,"pg/mL","KC-GRO (pg/mL)"
"CDD02.Tc.LFHF.2","LFHF","Tc","IL-10",7.4727746,"pg/mL","IL-10 (pg/mL)"
"CDD02.Tc.LFHF.2","LFHF","Tc","IL-12p70",0.007661293,"pg/mL","IL-12p70 (pg/mL)"
"CDD02.Tc.LFHF.2","LFHF","Tc","TNF-a",11.17986535,"pg/mL","TNF-a (pg/mL)"
"CDD02.CR.LFHF.3","LFHF","CR","BUN",53.91552128,"mg/dL","BUN (mg/dL)"
"CDD02.CR.LFHF.3","LFHF","CR","sCD14",24612.50904,"pg/mL","sCD14 (pg/mL)"
"CDD02.CR.LFHF.3","LFHF","CR","IFN-y",1.41543135,"pg/mL","IFN-y (pg/mL)"
"CDD02.CR.LFHF.3","LFHF","CR","IL-1B",1.490530596,"pg/mL","IL-1B (pg/mL)"
"CDD02.CR.LFHF.3","LFHF","CR","IL-2",0.976379985,"pg/mL","IL-2 (pg/mL)"
"CDD02.CR.LFHF.3","LFHF","CR","IL-4",0.026325606,"pg/mL","IL-4 (pg/mL)"
"CDD02.CR.LFHF.3","LFHF","CR","IL-5",10.04303107,"pg/mL","IL-5 (pg/mL)"
"CDD02.CR.LFHF.3","LFHF","CR","IL-6",13.06692791,"pg/mL","IL-6 (pg/mL)"
"CDD02.CR.LFHF.3","LFHF","CR","KC-GRO",87.00915998,"pg/mL","KC-GRO (pg/mL)"
"CDD02.CR.LFHF.3","LFHF","CR","IL-10",12.23488414,"pg/mL","IL-10 (pg/mL)"
"CDD02.CR.LFHF.3","LFHF","CR","IL-12p70",0.181216187,"pg/mL","IL-12p70 (pg/mL)"
"CDD02.CR.LFHF.3","LFHF","CR","TNF-a",19.73872052,"pg/mL","TNF-a (pg/mL)"
"CDD02.Tc.LFHF.4","LFHF","Tc","BUN",46.07933929,"mg/dL","BUN (mg/dL)"
"CDD02.Tc.LFHF.4","LFHF","Tc","sCD14",14929.94196,"pg/mL","sCD14 (pg/mL)"
"CDD02.Tc.LFHF.4","LFHF","Tc","IFN-y",0.860503706,"pg/mL","IFN-y (pg/mL)"
"CDD02.Tc.LFHF.4","LFHF","Tc","IL-1B",1.896956679,"pg/mL","IL-1B (pg/mL)"
"CDD02.Tc.LFHF.4","LFHF","Tc","IL-2",1.254273649,"pg/mL","IL-2 (pg/mL)"
"CDD02.Tc.LFHF.4","LFHF","Tc","IL-4",0.026325606,"pg/mL","IL-4 (pg/mL)"
"CDD02.Tc.LFHF.4","LFHF","Tc","IL-5",4.734810091,"pg/mL","IL-5 (pg/mL)"
"CDD02.Tc.LFHF.4","LFHF","Tc","IL-6",0.87893475,"pg/mL","IL-6 (pg/mL)"
"CDD02.Tc.LFHF.4","LFHF","Tc","KC-GRO",72.41677378,"pg/mL","KC-GRO (pg/mL)"
"CDD02.Tc.LFHF.4","LFHF","Tc","IL-10",8.182125899,"pg/mL","IL-10 (pg/mL)"
"CDD02.Tc.LFHF.4","LFHF","Tc","IL-12p70",0.007661293,"pg/mL","IL-12p70 (pg/mL)"
"CDD02.Tc.LFHF.4","LFHF","Tc","TNF-a",12.95684379,"pg/mL","TNF-a (pg/mL)"
"CDD02.Tc.LFHF.3","LFHF","Tc","BUN",39.04697,"mg/dL","BUN (mg/dL)"
"CDD02.Tc.LFHF.3","LFHF","Tc","sCD14",25082.1645,"pg/mL","sCD14 (pg/mL)"
"CDD02.Tc.LFHF.3","LFHF","Tc","IFN-y",0.802136669,"pg/mL","IFN-y (pg/mL)"
"CDD02.Tc.LFHF.3","LFHF","Tc","IL-1B",0.96881236,"pg/mL","IL-1B (pg/mL)"
"CDD02.Tc.LFHF.3","LFHF","Tc","IL-2",0.998752434,"pg/mL","IL-2 (pg/mL)"
"CDD02.Tc.LFHF.3","LFHF","Tc","IL-4",0.026325606,"pg/mL","IL-4 (pg/mL)"
"CDD02.Tc.LFHF.3","LFHF","Tc","IL-5",2.667612221,"pg/mL","IL-5 (pg/mL)"
"CDD02.Tc.LFHF.3","LFHF","Tc","IL-6",7.82615098,"pg/mL","IL-6 (pg/mL)"
"CDD02.Tc.LFHF.3","LFHF","Tc","KC-GRO",51.10792932,"pg/mL","KC-GRO (pg/mL)"
"CDD02.Tc.LFHF.3","LFHF","Tc","IL-10",9.438578597,"pg/mL","IL-10 (pg/mL)"
"CDD02.Tc.LFHF.3","LFHF","Tc","IL-12p70",0.007661293,"pg/mL","IL-12p70 (pg/mL)"
"CDD02.Tc.LFHF.3","LFHF","Tc","TNF-a",12.72204937,"pg/mL","TNF-a (pg/mL)"
"CDD02.CR.LFHF.4","LFHF","CR","BUN",48.98921667,"mg/dL","BUN (mg/dL)"
"CDD02.CR.LFHF.4","LFHF","CR","sCD14",23592.915,"pg/mL","sCD14 (pg/mL)"
"CDD02.CR.LFHF.4","LFHF","CR","IFN-y",6.769528428,"pg/mL","IFN-y (pg/mL)"
"CDD02.CR.LFHF.4","LFHF","CR","IL-1B",2.862418033,"pg/mL","IL-1B (pg/mL)"
"CDD02.CR.LFHF.4","LFHF","CR","IL-2",0.679491138,"pg/mL","IL-2 (pg/mL)"
"CDD02.CR.LFHF.4","LFHF","CR","IL-4",0.026325606,"pg/mL","IL-4 (pg/mL)"
"CDD02.CR.LFHF.4","LFHF","CR","IL-5",8.123785631,"pg/mL","IL-5 (pg/mL)"
"CDD02.CR.LFHF.4","LFHF","CR","IL-6",10.8438358,"pg/mL","IL-6 (pg/mL)"
"CDD02.CR.LFHF.4","LFHF","CR","KC-GRO",51.93173384,"pg/mL","KC-GRO (pg/mL)"
"CDD02.CR.LFHF.4","LFHF","CR","IL-10",15.99222833,"pg/mL","IL-10 (pg/mL)"
"CDD02.CR.LFHF.4","LFHF","CR","IL-12p70",0.007661293,"pg/mL","IL-12p70 (pg/mL)"
"CDD02.CR.LFHF.4","LFHF","CR","TNF-a",15.30449248,"pg/mL","TNF-a (pg/mL)"
"CDD03.Tc.HFHF.4","HFHF","Tc","BUN",66.07302581,"mg/dL","BUN (mg/dL)"
"CDD03.Tc.HFHF.4","HFHF","Tc","sCD14",19121.69516,"pg/mL","sCD14 (pg/mL)"
"CDD03.Tc.HFHF.4","HFHF","Tc","IFN-y",1.135090599,"pg/mL","IFN-y (pg/mL)"
"CDD03.Tc.HFHF.4","HFHF","Tc","IL-1B",1.502429161,"pg/mL","IL-1B (pg/mL)"
"CDD03.Tc.HFHF.4","HFHF","Tc","IL-2",2.068915557,"pg/mL","IL-2 (pg/mL)"
"CDD03.Tc.HFHF.4","HFHF","Tc","IL-4",0.362793633,"pg/mL","IL-4 (pg/mL)"
"CDD03.Tc.HFHF.4","HFHF","Tc","IL-5",5.722591824,"pg/mL","IL-5 (pg/mL)"
"CDD03.Tc.HFHF.4","HFHF","Tc","IL-6",34.44791774,"pg/mL","IL-6 (pg/mL)"
"CDD03.Tc.HFHF.4","HFHF","Tc","KC-GRO",56.48035715,"pg/mL","KC-GRO (pg/mL)"
"CDD03.Tc.HFHF.4","HFHF","Tc","IL-10",16.57154379,"pg/mL","IL-10 (pg/mL)"
"CDD03.Tc.HFHF.4","HFHF","Tc","IL-12p70",1.027110014,"pg/mL","IL-12p70 (pg/mL)"
"CDD03.Tc.HFHF.4","HFHF","Tc","TNF-a",14.99633643,"pg/mL","TNF-a (pg/mL)"
"CDD03.Tc.LFHF.5","LFHF","Tc","BUN",60.33403636,"mg/dL","BUN (mg/dL)"
"CDD03.Tc.LFHF.5","LFHF","Tc","sCD14",18147.10227,"pg/mL","sCD14 (pg/mL)"
"CDD03.Tc.LFHF.5","LFHF","Tc","IFN-y",0.963789709,"pg/mL","IFN-y (pg/mL)"
"CDD03.Tc.LFHF.5","LFHF","Tc","IL-1B",0.576005364,"pg/mL","IL-1B (pg/mL)"
"CDD03.Tc.LFHF.5","LFHF","Tc","IL-2",0.813446948,"pg/mL","IL-2 (pg/mL)"
"CDD03.Tc.LFHF.5","LFHF","Tc","IL-4",0.026325606,"pg/mL","IL-4 (pg/mL)"
"CDD03.Tc.LFHF.5","LFHF","Tc","IL-5",3.342014441,"pg/mL","IL-5 (pg/mL)"
"CDD03.Tc.LFHF.5","LFHF","Tc","IL-6",7.393524409,"pg/mL","IL-6 (pg/mL)"
"CDD03.Tc.LFHF.5","LFHF","Tc","KC-GRO",47.73363228,"pg/mL","KC-GRO (pg/mL)"
"CDD03.Tc.LFHF.5","LFHF","Tc","IL-10",8.159239051,"pg/mL","IL-10 (pg/mL)"
"CDD03.Tc.LFHF.5","LFHF","Tc","IL-12p70",0.007661293,"pg/mL","IL-12p70 (pg/mL)"
"CDD03.Tc.LFHF.5","LFHF","Tc","TNF-a",10.173354,"pg/mL","TNF-a (pg/mL)"
"CDD03.Tc.LFHF.3","LFHF","Tc","BUN",71.16329211,"mg/dL","BUN (mg/dL)"
"CDD03.Tc.LFHF.3","LFHF","Tc","sCD14",10477.24737,"pg/mL","sCD14 (pg/mL)"
"CDD03.Tc.LFHF.3","LFHF","Tc","IFN-y",0.404266638,"pg/mL","IFN-y (pg/mL)"
"CDD03.Tc.LFHF.3","LFHF","Tc","IL-1B",2.157658526,"pg/mL","IL-1B (pg/mL)"
"CDD03.Tc.LFHF.3","LFHF","Tc","IL-2",0.967602053,"pg/mL","IL-2 (pg/mL)"
"CDD03.Tc.LFHF.3","LFHF","Tc","IL-4",0.026325606,"pg/mL","IL-4 (pg/mL)"
"CDD03.Tc.LFHF.3","LFHF","Tc","IL-5",2.076688631,"pg/mL","IL-5 (pg/mL)"
"CDD03.Tc.LFHF.3","LFHF","Tc","IL-6",16.83133732,"pg/mL","IL-6 (pg/mL)"
"CDD03.Tc.LFHF.3","LFHF","Tc","KC-GRO",49.8976584,"pg/mL","KC-GRO (pg/mL)"
"CDD03.Tc.LFHF.3","LFHF","Tc","IL-10",8.198487322,"pg/mL","IL-10 (pg/mL)"
"CDD03.Tc.LFHF.3","LFHF","Tc","IL-12p70",0.007661293,"pg/mL","IL-12p70 (pg/mL)"
"CDD03.Tc.LFHF.3","LFHF","Tc","TNF-a",10.75660733,"pg/mL","TNF-a (pg/mL)"
"CDD03.CR.LFHF.1","LFHF","CR","BUN",42.93005625,"mg/dL","BUN (mg/dL)"
"CDD03.CR.LFHF.1","LFHF","CR","sCD14",13639.73125,"pg/mL","sCD14 (pg/mL)"
"CDD03.CR.LFHF.1","LFHF","CR","IFN-y",0.666778305,"pg/mL","IFN-y (pg/mL)"
"CDD03.CR.LFHF.1","LFHF","CR","IL-1B",0.879158917,"pg/mL","IL-1B (pg/mL)"
"CDD03.CR.LFHF.1","LFHF","CR","IL-2",0.516746257,"pg/mL","IL-2 (pg/mL)"
"CDD03.CR.LFHF.1","LFHF","CR","IL-4",0.026325606,"pg/mL","IL-4 (pg/mL)"
"CDD03.CR.LFHF.1","LFHF","CR","IL-5",2.417708135,"pg/mL","IL-5 (pg/mL)"
"CDD03.CR.LFHF.1","LFHF","CR","IL-6",8.223546,"pg/mL","IL-6 (pg/mL)"
"CDD03.CR.LFHF.1","LFHF","CR","KC-GRO",63.27853923,"pg/mL","KC-GRO (pg/mL)"
"CDD03.CR.LFHF.1","LFHF","CR","IL-10",11.84487849,"pg/mL","IL-10 (pg/mL)"
"CDD03.CR.LFHF.1","LFHF","CR","IL-12p70",0.007661293,"pg/mL","IL-12p70 (pg/mL)"
"CDD03.CR.LFHF.1","LFHF","CR","TNF-a",13.60178963,"pg/mL","TNF-a (pg/mL)"
"CDD03.CR.HFHF.4","HFHF","CR","BUN",41.4014,"mg/dL","BUN (mg/dL)"
"CDD03.CR.HFHF.4","HFHF","CR","sCD14",30965.625,"pg/mL","sCD14 (pg/mL)"
"CDD03.CR.HFHF.4","HFHF","CR","IFN-y",0.251122523,"pg/mL","IFN-y (pg/mL)"
"CDD03.CR.HFHF.4","HFHF","CR","IL-1B",2.067264405,"pg/mL","IL-1B (pg/mL)"
"CDD03.CR.HFHF.4","HFHF","CR","IL-2",0.676413121,"pg/mL","IL-2 (pg/mL)"
"CDD03.CR.HFHF.4","HFHF","CR","IL-4",0.026325606,"pg/mL","IL-4 (pg/mL)"
"CDD03.CR.HFHF.4","HFHF","CR","IL-5",4.337384043,"pg/mL","IL-5 (pg/mL)"
"CDD03.CR.HFHF.4","HFHF","CR","IL-6",12.17415536,"pg/mL","IL-6 (pg/mL)"
"CDD03.CR.HFHF.4","HFHF","CR","KC-GRO",33.1712461,"pg/mL","KC-GRO (pg/mL)"
"CDD03.CR.HFHF.4","HFHF","CR","IL-10",17.83638161,"pg/mL","IL-10 (pg/mL)"
"CDD03.CR.HFHF.4","HFHF","CR","IL-12p70",0.007661293,"pg/mL","IL-12p70 (pg/mL)"
"CDD03.CR.HFHF.4","HFHF","CR","TNF-a",13.39249232,"pg/mL","TNF-a (pg/mL)"
"CDD03.Tc.HFLF.3","HFLF","Tc","BUN",51.51959302,"mg/dL","BUN (mg/dL)"
"CDD03.Tc.HFLF.3","HFLF","Tc","sCD14",10544.82733,"pg/mL","sCD14 (pg/mL)"
"CDD03.Tc.HFLF.3","HFLF","Tc","IFN-y",0.447232513,"pg/mL","IFN-y (pg/mL)"
"CDD03.Tc.HFLF.3","HFLF","Tc","IL-1B",1.563265651,"pg/mL","IL-1B (pg/mL)"
"CDD03.Tc.HFLF.3","HFLF","Tc","IL-2",0.551723559,"pg/mL","IL-2 (pg/mL)"
"CDD03.Tc.HFLF.3","HFLF","Tc","IL-4",0.026325606,"pg/mL","IL-4 (pg/mL)"
"CDD03.Tc.HFLF.3","HFLF","Tc","IL-5",3.996005326,"pg/mL","IL-5 (pg/mL)"
"CDD03.Tc.HFLF.3","HFLF","Tc","IL-6",31.3290693,"pg/mL","IL-6 (pg/mL)"
"CDD03.Tc.HFLF.3","HFLF","Tc","KC-GRO",55.7526817,"pg/mL","KC-GRO (pg/mL)"
"CDD03.Tc.HFLF.3","HFLF","Tc","IL-10",7.180643778,"pg/mL","IL-10 (pg/mL)"
"CDD03.Tc.HFLF.3","HFLF","Tc","IL-12p70",0.007661293,"pg/mL","IL-12p70 (pg/mL)"
"CDD03.Tc.HFLF.3","HFLF","Tc","TNF-a",8.41782105,"pg/mL","TNF-a (pg/mL)"
"CDD03.CR.HFHF.1","HFHF","CR","BUN",53.30613857,"mg/dL","BUN (mg/dL)"
"CDD03.CR.HFHF.1","HFHF","CR","sCD14",13839.80357,"pg/mL","sCD14 (pg/mL)"
"CDD03.CR.HFHF.1","HFHF","CR","IFN-y",0.04041692,"pg/mL","IFN-y (pg/mL)"
"CDD03.CR.HFHF.1","HFHF","CR","IL-1B",1.188978143,"pg/mL","IL-1B (pg/mL)"
"CDD03.CR.HFHF.1","HFHF","CR","IL-2",0.888321508,"pg/mL","IL-2 (pg/mL)"
"CDD03.CR.HFHF.1","HFHF","CR","IL-4",0.026325606,"pg/mL","IL-4 (pg/mL)"
"CDD03.CR.HFHF.1","HFHF","CR","IL-5",0.833306372,"pg/mL","IL-5 (pg/mL)"
"CDD03.CR.HFHF.1","HFHF","CR","IL-6",1.721409571,"pg/mL","IL-6 (pg/mL)"
"CDD03.CR.HFHF.1","HFHF","CR","KC-GRO",36.69086511,"pg/mL","KC-GRO (pg/mL)"
"CDD03.CR.HFHF.1","HFHF","CR","IL-10",4.727050359,"pg/mL","IL-10 (pg/mL)"
"CDD03.CR.HFHF.1","HFHF","CR","IL-12p70",0.007661293,"pg/mL","IL-12p70 (pg/mL)"
"CDD03.CR.HFHF.1","HFHF","CR","TNF-a",6.601336396,"pg/mL","TNF-a (pg/mL)"
"CDD03.Tc.LFLF.4","LFLF","Tc","BUN",60.334029,"mg/dL","BUN (mg/dL)"
"CDD03.Tc.LFLF.4","LFLF","Tc","sCD14",14199.9855,"pg/mL","sCD14 (pg/mL)"
"CDD03.Tc.LFLF.4","LFLF","Tc","IFN-y",0.815273613,"pg/mL","IFN-y (pg/mL)"
"CDD03.Tc.LFLF.4","LFLF","Tc","IL-1B",0.81372546,"pg/mL","IL-1B (pg/mL)"
"CDD03.Tc.LFLF.4","LFLF","Tc","IL-2",0.581590613,"pg/mL","IL-2 (pg/mL)"
"CDD03.Tc.LFLF.4","LFLF","Tc","IL-4",0.026325606,"pg/mL","IL-4 (pg/mL)"
"CDD03.Tc.LFLF.4","LFLF","Tc","IL-5",2.651493651,"pg/mL","IL-5 (pg/mL)"
"CDD03.Tc.LFLF.4","LFLF","Tc","IL-6",9.3561012,"pg/mL","IL-6 (pg/mL)"
"CDD03.Tc.LFLF.4","LFLF","Tc","KC-GRO",55.41623879,"pg/mL","KC-GRO (pg/mL)"
"CDD03.Tc.LFLF.4","LFLF","Tc","IL-10",8.462640299,"pg/mL","IL-10 (pg/mL)"
"CDD03.Tc.LFLF.4","LFLF","Tc","IL-12p70",0.007661293,"pg/mL","IL-12p70 (pg/mL)"
"CDD03.Tc.LFLF.4","LFLF","Tc","TNF-a",7.849611381,"pg/mL","TNF-a (pg/mL)"
"CDD03.CR.HFHF.3","HFHF","CR","BUN",44.451275,"mg/dL","BUN (mg/dL)"
"CDD03.CR.HFHF.3","HFHF","CR","sCD14",23003.095,"pg/mL","sCD14 (pg/mL)"
"CDD03.CR.HFHF.3","HFHF","CR","IFN-y",0.770657145,"pg/mL","IFN-y (pg/mL)"
"CDD03.CR.HFHF.3","HFHF","CR","IL-1B",2.7989514,"pg/mL","IL-1B (pg/mL)"
"CDD03.CR.HFHF.3","HFHF","CR","IL-2",0.72398984,"pg/mL","IL-2 (pg/mL)"
"CDD03.CR.HFHF.3","HFHF","CR","IL-4",0.026325606,"pg/mL","IL-4 (pg/mL)"
"CDD03.CR.HFHF.3","HFHF","CR","IL-5",2.709069155,"pg/mL","IL-5 (pg/mL)"
"CDD03.CR.HFHF.3","HFHF","CR","IL-6",14.50264393,"pg/mL","IL-6 (pg/mL)"
"CDD03.CR.HFHF.3","HFHF","CR","KC-GRO",55.54046581,"pg/mL","KC-GRO (pg/mL)"
"CDD03.CR.HFHF.3","HFHF","CR","IL-10",13.43585982,"pg/mL","IL-10 (pg/mL)"
"CDD03.CR.HFHF.3","HFHF","CR","IL-12p70",0.007661293,"pg/mL","IL-12p70 (pg/mL)"
"CDD03.CR.HFHF.3","HFHF","CR","TNF-a",18.91324562,"pg/mL","TNF-a (pg/mL)"
"CDD03.Tc.HFHF.2","HFHF","Tc","BUN",52.22159268,"mg/dL","BUN (mg/dL)"
"CDD03.Tc.HFHF.2","HFHF","Tc","sCD14",17371.00244,"pg/mL","sCD14 (pg/mL)"
"CDD03.Tc.HFHF.2","HFHF","Tc","IFN-y",0.280642583,"pg/mL","IFN-y (pg/mL)"
"CDD03.Tc.HFHF.2","HFHF","Tc","IL-1B",0.581104415,"pg/mL","IL-1B (pg/mL)"
"CDD03.Tc.HFHF.2","HFHF","Tc","IL-2",0.627578761,"pg/mL","IL-2 (pg/mL)"
"CDD03.Tc.HFHF.2","HFHF","Tc","IL-4",0.026325606,"pg/mL","IL-4 (pg/mL)"
"CDD03.Tc.HFHF.2","HFHF","Tc","IL-5",2.242838221,"pg/mL","IL-5 (pg/mL)"
"CDD03.Tc.HFHF.2","HFHF","Tc","IL-6",1.469495976,"pg/mL","IL-6 (pg/mL)"
"CDD03.Tc.HFHF.2","HFHF","Tc","KC-GRO",58.15063217,"pg/mL","KC-GRO (pg/mL)"
"CDD03.Tc.HFHF.2","HFHF","Tc","IL-10",5.726771667,"pg/mL","IL-10 (pg/mL)"
"CDD03.Tc.HFHF.2","HFHF","Tc","IL-12p70",0.007661293,"pg/mL","IL-12p70 (pg/mL)"
"CDD03.Tc.HFHF.2","HFHF","Tc","TNF-a",6.304587119,"pg/mL","TNF-a (pg/mL)"
"CDD03.Tc.HFLF.1","HFLF","Tc","BUN",50.49495,"mg/dL","BUN (mg/dL)"
"CDD03.Tc.HFLF.1","HFLF","Tc","sCD14",15704.0265,"pg/mL","sCD14 (pg/mL)"
"CDD03.Tc.HFLF.1","HFLF","Tc","IFN-y",0.756192784,"pg/mL","IFN-y (pg/mL)"
"CDD03.Tc.HFLF.1","HFLF","Tc","IL-1B",1.0311011,"pg/mL","IL-1B (pg/mL)"
"CDD03.Tc.HFLF.1","HFLF","Tc","IL-2",0.944772378,"pg/mL","IL-2 (pg/mL)"
"CDD03.Tc.HFLF.1","HFLF","Tc","IL-4",0.305116244,"pg/mL","IL-4 (pg/mL)"
"CDD03.Tc.HFLF.1","HFLF","Tc","IL-5",3.420630979,"pg/mL","IL-5 (pg/mL)"
"CDD03.Tc.HFLF.1","HFLF","Tc","IL-6",8.48303288,"pg/mL","IL-6 (pg/mL)"
"CDD03.Tc.HFLF.1","HFLF","Tc","KC-GRO",41.0526252,"pg/mL","KC-GRO (pg/mL)"
"CDD03.Tc.HFLF.1","HFLF","Tc","IL-10",9.325349384,"pg/mL","IL-10 (pg/mL)"
"CDD03.Tc.HFLF.1","HFLF","Tc","IL-12p70",1.493652249,"pg/mL","IL-12p70 (pg/mL)"
"CDD03.Tc.HFLF.1","HFLF","Tc","TNF-a",11.23331649,"pg/mL","TNF-a (pg/mL)"
"CDD03.Tc.HFHF.5","HFHF","Tc","BUN",85.14831,"mg/dL","BUN (mg/dL)"
"CDD03.Tc.HFHF.5","HFHF","Tc","sCD14",14642.3505,"pg/mL","sCD14 (pg/mL)"
"CDD03.Tc.HFHF.5","HFHF","Tc","IFN-y",0.999621875,"pg/mL","IFN-y (pg/mL)"
"CDD03.Tc.HFHF.5","HFHF","Tc","IL-1B",1.35699912,"pg/mL","IL-1B (pg/mL)"
"CDD03.Tc.HFHF.5","HFHF","Tc","IL-2",1.513223053,"pg/mL","IL-2 (pg/mL)"
"CDD03.Tc.HFHF.5","HFHF","Tc","IL-4",0.211625881,"pg/mL","IL-4 (pg/mL)"
"CDD03.Tc.HFHF.5","HFHF","Tc","IL-5",4.717334975,"pg/mL","IL-5 (pg/mL)"
"CDD03.Tc.HFHF.5","HFHF","Tc","IL-6",4.95411212,"pg/mL","IL-6 (pg/mL)"
"CDD03.Tc.HFHF.5","HFHF","Tc","KC-GRO",37.72640402,"pg/mL","KC-GRO (pg/mL)"
"CDD03.Tc.HFHF.5","HFHF","Tc","IL-10",11.30081983,"pg/mL","IL-10 (pg/mL)"
"CDD03.Tc.HFHF.5","HFHF","Tc","IL-12p70",1.10401023,"pg/mL","IL-12p70 (pg/mL)"
"CDD03.Tc.HFHF.5","HFHF","Tc","TNF-a",8.968993863,"pg/mL","TNF-a (pg/mL)"
"CDD03.Tc.LFLF.2","LFLF","Tc","BUN",56.311845,"mg/dL","BUN (mg/dL)"
"CDD03.Tc.LFLF.2","LFLF","Tc","sCD14",14598.2175,"pg/mL","sCD14 (pg/mL)"
"CDD03.Tc.LFLF.2","LFLF","Tc","IFN-y",0.384053306,"pg/mL","IFN-y (pg/mL)"
"CDD03.Tc.LFLF.2","LFLF","Tc","IL-1B",1.77211635,"pg/mL","IL-1B (pg/mL)"
"CDD03.Tc.LFLF.2","LFLF","Tc","IL-2",0.034461708,"pg/mL","IL-2 (pg/mL)"
"CDD03.Tc.LFLF.2","LFLF","Tc","IL-4",0.026325606,"pg/mL","IL-4 (pg/mL)"
"CDD03.Tc.LFLF.2","LFLF","Tc","IL-5",1.154360727,"pg/mL","IL-5 (pg/mL)"
"CDD03.Tc.LFLF.2","LFLF","Tc","IL-6",33.66976015,"pg/mL","IL-6 (pg/mL)"
"CDD03.Tc.LFLF.2","LFLF","Tc","KC-GRO",64.91247972,"pg/mL","KC-GRO (pg/mL)"
"CDD03.Tc.LFLF.2","LFLF","Tc","IL-10",11.87135538,"pg/mL","IL-10 (pg/mL)"
"CDD03.Tc.LFLF.2","LFLF","Tc","IL-12p70",0.007661293,"pg/mL","IL-12p70 (pg/mL)"
"CDD03.Tc.LFLF.2","LFLF","Tc","TNF-a",15.32923059,"pg/mL","TNF-a (pg/mL)"
"CDD03.Tc.LFHF.2","LFHF","Tc","BUN",53.77766429,"mg/dL","BUN (mg/dL)"
"CDD03.Tc.LFHF.2","LFHF","Tc","sCD14",9690.064286,"pg/mL","sCD14 (pg/mL)"
"CDD03.Tc.LFHF.2","LFHF","Tc","IFN-y",0.365765053,"pg/mL","IFN-y (pg/mL)"
"CDD03.Tc.LFHF.2","LFHF","Tc","IL-1B",2.099634143,"pg/mL","IL-1B (pg/mL)"
"CDD03.Tc.LFHF.2","LFHF","Tc","IL-2",0.685364057,"pg/mL","IL-2 (pg/mL)"
"CDD03.Tc.LFHF.2","LFHF","Tc","IL-4",0.026325606,"pg/mL","IL-4 (pg/mL)"
"CDD03.Tc.LFHF.2","LFHF","Tc","IL-5",3.041489628,"pg/mL","IL-5 (pg/mL)"
"CDD03.Tc.LFHF.2","LFHF","Tc","IL-6",17.58845324,"pg/mL","IL-6 (pg/mL)"
"CDD03.Tc.LFHF.2","LFHF","Tc","KC-GRO",78.59593969,"pg/mL","KC-GRO (pg/mL)"
"CDD03.Tc.LFHF.2","LFHF","Tc","IL-10",10.07421774,"pg/mL","IL-10 (pg/mL)"
"CDD03.Tc.LFHF.2","LFHF","Tc","IL-12p70",0.007661293,"pg/mL","IL-12p70 (pg/mL)"
"CDD03.Tc.LFHF.2","LFHF","Tc","TNF-a",9.374388366,"pg/mL","TNF-a (pg/mL)"
"CDD03.Tc.HFLF.4","HFLF","Tc","BUN",65.408271,"mg/dL","BUN (mg/dL)"
"CDD03.Tc.HFLF.4","HFLF","Tc","sCD14",10572.5925,"pg/mL","sCD14 (pg/mL)"
"CDD03.Tc.HFLF.4","HFLF","Tc","IFN-y",0.605659525,"pg/mL","IFN-y (pg/mL)"
"CDD03.Tc.HFLF.4","HFLF","Tc","IL-1B",0.88184634,"pg/mL","IL-1B (pg/mL)"
"CDD03.Tc.HFLF.4","HFLF","Tc","IL-2",0.195083486,"pg/mL","IL-2 (pg/mL)"
"CDD03.Tc.HFLF.4","HFLF","Tc","IL-4",0.026325606,"pg/mL","IL-4 (pg/mL)"
"CDD03.Tc.HFLF.4","HFLF","Tc","IL-5",4.30817389,"pg/mL","IL-5 (pg/mL)"
"CDD03.Tc.HFLF.4","HFLF","Tc","IL-6",8.04532108,"pg/mL","IL-6 (pg/mL)"
"CDD03.Tc.HFLF.4","HFLF","Tc","KC-GRO",65.828337,"pg/mL","KC-GRO (pg/mL)"
"CDD03.Tc.HFLF.4","HFLF","Tc","IL-10",8.262100399,"pg/mL","IL-10 (pg/mL)"
"CDD03.Tc.HFLF.4","HFLF","Tc","IL-12p70",0.007661293,"pg/mL","IL-12p70 (pg/mL)"
"CDD03.Tc.HFLF.4","HFLF","Tc","TNF-a",7.849611381,"pg/mL","TNF-a (pg/mL)"
"CDD03.Tc.HFHF.3","HFHF","Tc","BUN",51.11920435,"mg/dL","BUN (mg/dL)"
"CDD03.Tc.HFHF.3","HFHF","Tc","sCD14",11540.10652,"pg/mL","sCD14 (pg/mL)"
"CDD03.Tc.HFHF.3","HFHF","Tc","IFN-y",0.210321578,"pg/mL","IFN-y (pg/mL)"
"CDD03.Tc.HFHF.3","HFHF","Tc","IL-1B",1.380731783,"pg/mL","IL-1B (pg/mL)"
"CDD03.Tc.HFHF.3","HFHF","Tc","IL-2",1.147828699,"pg/mL","IL-2 (pg/mL)"
"CDD03.Tc.HFHF.3","HFHF","Tc","IL-4",0.026325606,"pg/mL","IL-4 (pg/mL)"
"CDD03.Tc.HFHF.3","HFHF","Tc","IL-5",1.380533833,"pg/mL","IL-5 (pg/mL)"
"CDD03.Tc.HFHF.3","HFHF","Tc","IL-6",0.210577784,"pg/mL","IL-6 (pg/mL)"
"CDD03.Tc.HFHF.3","HFHF","Tc","KC-GRO",42.22024067,"pg/mL","KC-GRO (pg/mL)"
"CDD03.Tc.HFHF.3","HFHF","Tc","IL-10",9.102827737,"pg/mL","IL-10 (pg/mL)"
"CDD03.Tc.HFHF.3","HFHF","Tc","IL-12p70",0.007661293,"pg/mL","IL-12p70 (pg/mL)"
"CDD03.Tc.HFHF.3","HFHF","Tc","TNF-a",8.450279735,"pg/mL","TNF-a (pg/mL)"
"CDD03.Tc.LFHF.1","LFHF","Tc","BUN",76.113684,"mg/dL","BUN (mg/dL)"
"CDD03.Tc.LFHF.1","LFHF","Tc","sCD14",17163.831,"pg/mL","sCD14 (pg/mL)"
"CDD03.Tc.LFHF.1","LFHF","Tc","IFN-y",0.664481258,"pg/mL","IFN-y (pg/mL)"
"CDD03.Tc.LFHF.1","LFHF","Tc","IL-1B",0.56172558,"pg/mL","IL-1B (pg/mL)"
"CDD03.Tc.LFHF.1","LFHF","Tc","IL-2",0.034461708,"pg/mL","IL-2 (pg/mL)"
"CDD03.Tc.LFHF.1","LFHF","Tc","IL-4",0.026325606,"pg/mL","IL-4 (pg/mL)"
"CDD03.Tc.LFHF.1","LFHF","Tc","IL-5",1.093445249,"pg/mL","IL-5 (pg/mL)"
"CDD03.Tc.LFHF.1","LFHF","Tc","IL-6",61.0358746,"pg/mL","IL-6 (pg/mL)"
"CDD03.Tc.LFHF.1","LFHF","Tc","KC-GRO",48.06683208,"pg/mL","KC-GRO (pg/mL)"
"CDD03.Tc.LFHF.1","LFHF","Tc","IL-10",4.63459166,"pg/mL","IL-10 (pg/mL)"
"CDD03.Tc.LFHF.1","LFHF","Tc","IL-12p70",0.007661293,"pg/mL","IL-12p70 (pg/mL)"
"CDD03.Tc.LFHF.1","LFHF","Tc","TNF-a",5.40224613,"pg/mL","TNF-a (pg/mL)"
"CDD03.CR.LFHF.4","LFHF","CR","BUN",45.791994,"mg/dL","BUN (mg/dL)"
"CDD03.CR.LFHF.4","LFHF","CR","sCD14",18446.6895,"pg/mL","sCD14 (pg/mL)"
"CDD03.CR.LFHF.4","LFHF","CR","IFN-y",0.507891011,"pg/mL","IFN-y (pg/mL)"
"CDD03.CR.LFHF.4","LFHF","CR","IL-1B",1.06853858,"pg/mL","IL-1B (pg/mL)"
"CDD03.CR.LFHF.4","LFHF","CR","IL-2",1.133864004,"pg/mL","IL-2 (pg/mL)"
"CDD03.CR.LFHF.4","LFHF","CR","IL-4",0.158604871,"pg/mL","IL-4 (pg/mL)"
"CDD03.CR.LFHF.4","LFHF","CR","IL-5",5.468621206,"pg/mL","IL-5 (pg/mL)"
"CDD03.CR.LFHF.4","LFHF","CR","IL-6",5.73207988,"pg/mL","IL-6 (pg/mL)"
"CDD03.CR.LFHF.4","LFHF","CR","KC-GRO",37.01222305,"pg/mL","KC-GRO (pg/mL)"
"CDD03.CR.LFHF.4","LFHF","CR","IL-10",11.70942281,"pg/mL","IL-10 (pg/mL)"
"CDD03.CR.LFHF.4","LFHF","CR","IL-12p70",0.007661293,"pg/mL","IL-12p70 (pg/mL)"
"CDD03.CR.LFHF.4","LFHF","CR","TNF-a",10.51231089,"pg/mL","TNF-a (pg/mL)"
"CDD03.Tc.HFHF.1","HFHF","Tc","BUN",62.56871667,"mg/dL","BUN (mg/dL)"
"CDD03.Tc.HFHF.1","HFHF","Tc","sCD14",39935.92083,"pg/mL","sCD14 (pg/mL)"
"CDD03.Tc.HFHF.1","HFHF","Tc","IFN-y",0.728257112,"pg/mL","IFN-y (pg/mL)"
"CDD03.Tc.HFHF.1","HFHF","Tc","IL-1B",1.256252167,"pg/mL","IL-1B (pg/mL)"
"CDD03.Tc.HFHF.1","HFHF","Tc","IL-2",0.034461708,"pg/mL","IL-2 (pg/mL)"
"CDD03.Tc.HFHF.1","HFHF","Tc","IL-4",0.026325606,"pg/mL","IL-4 (pg/mL)"
"CDD03.Tc.HFHF.1","HFHF","Tc","IL-5",0.102317971,"pg/mL","IL-5 (pg/mL)"
"CDD03.Tc.HFHF.1","HFHF","Tc","IL-6",9.086346722,"pg/mL","IL-6 (pg/mL)"
"CDD03.Tc.HFHF.1","HFHF","Tc","KC-GRO",56.13577569,"pg/mL","KC-GRO (pg/mL)"
"CDD03.Tc.HFHF.1","HFHF","Tc","IL-10",8.042758657,"pg/mL","IL-10 (pg/mL)"
"CDD03.Tc.HFHF.1","HFHF","Tc","IL-12p70",0.007661293,"pg/mL","IL-12p70 (pg/mL)"
"CDD03.Tc.HFHF.1","HFHF","Tc","TNF-a",6.742362733,"pg/mL","TNF-a (pg/mL)"
"CDD03.CR.HFHF.2","HFHF","CR","BUN",50.1236775,"mg/dL","BUN (mg/dL)"
"CDD03.CR.HFHF.2","HFHF","CR","sCD14",20625.35438,"pg/mL","sCD14 (pg/mL)"
"CDD03.CR.HFHF.2","HFHF","CR","IFN-y",1.34030611,"pg/mL","IFN-y (pg/mL)"
"CDD03.CR.HFHF.2","HFHF","CR","IL-1B",1.822337975,"pg/mL","IL-1B (pg/mL)"
"CDD03.CR.HFHF.2","HFHF","CR","IL-2",0.74374776,"pg/mL","IL-2 (pg/mL)"
"CDD03.CR.HFHF.2","HFHF","CR","IL-4",0.026325606,"pg/mL","IL-4 (pg/mL)"
"CDD03.CR.HFHF.2","HFHF","CR","IL-5",2.564602739,"pg/mL","IL-5 (pg/mL)"
"CDD03.CR.HFHF.2","HFHF","CR","IL-6",8.9591323,"pg/mL","IL-6 (pg/mL)"
"CDD03.CR.HFHF.2","HFHF","CR","KC-GRO",39.21227586,"pg/mL","KC-GRO (pg/mL)"
"CDD03.CR.HFHF.2","HFHF","CR","IL-10",10.22952023,"pg/mL","IL-10 (pg/mL)"
"CDD03.CR.HFHF.2","HFHF","CR","IL-12p70",0.007661293,"pg/mL","IL-12p70 (pg/mL)"
"CDD03.CR.HFHF.2","HFHF","CR","TNF-a",10.36799843,"pg/mL","TNF-a (pg/mL)"
"CDD03.CR.HFHF.5","HFHF","CR","BUN",54.86791,"mg/dL","BUN (mg/dL)"
"CDD03.CR.HFHF.5","HFHF","CR","sCD14",24477.645,"pg/mL","sCD14 (pg/mL)"
"CDD03.CR.HFHF.5","HFHF","CR","IFN-y",1.042090354,"pg/mL","IFN-y (pg/mL)"
"CDD03.CR.HFHF.5","HFHF","CR","IL-1B",2.3561796,"pg/mL","IL-1B (pg/mL)"
"CDD03.CR.HFHF.5","HFHF","CR","IL-2",1.350003673,"pg/mL","IL-2 (pg/mL)"
"CDD03.CR.HFHF.5","HFHF","CR","IL-4",0.026325606,"pg/mL","IL-4 (pg/mL)"
"CDD03.CR.HFHF.5","HFHF","CR","IL-5",5.168712514,"pg/mL","IL-5 (pg/mL)"
"CDD03.CR.HFHF.5","HFHF","CR","IL-6",28.6923462,"pg/mL","IL-6 (pg/mL)"
"CDD03.CR.HFHF.5","HFHF","CR","KC-GRO",50.71928419,"pg/mL","KC-GRO (pg/mL)"
"CDD03.CR.HFHF.5","HFHF","CR","IL-10",18.92164891,"pg/mL","IL-10 (pg/mL)"
"CDD03.CR.HFHF.5","HFHF","CR","IL-12p70",0.007661293,"pg/mL","IL-12p70 (pg/mL)"
"CDD03.CR.HFHF.5","HFHF","CR","TNF-a",23.78859932,"pg/mL","TNF-a (pg/mL)"
"CDD03.Tc.HFLF.5","HFLF","Tc","BUN",63.180555,"mg/dL","BUN (mg/dL)"
"CDD03.Tc.HFLF.5","HFLF","Tc","sCD14",17340.777,"pg/mL","sCD14 (pg/mL)"
"CDD03.Tc.HFLF.5","HFLF","Tc","IFN-y",0.605659525,"pg/mL","IFN-y (pg/mL)"
"CDD03.Tc.HFLF.5","HFLF","Tc","IL-1B",2.45896316,"pg/mL","IL-1B (pg/mL)"
"CDD03.Tc.HFLF.5","HFLF","Tc","IL-2",1.147387075,"pg/mL","IL-2 (pg/mL)"
"CDD03.Tc.HFLF.5","HFLF","Tc","IL-4",0.026325606,"pg/mL","IL-4 (pg/mL)"
"CDD03.Tc.HFLF.5","HFLF","Tc","IL-5",3.643402596,"pg/mL","IL-5 (pg/mL)"
"CDD03.Tc.HFLF.5","HFLF","Tc","IL-6",29.0397252,"pg/mL","IL-6 (pg/mL)"
"CDD03.Tc.HFLF.5","HFLF","Tc","KC-GRO",30.55557888,"pg/mL","KC-GRO (pg/mL)"
"CDD03.Tc.HFLF.5","HFLF","Tc","IL-10",9.508251918,"pg/mL","IL-10 (pg/mL)"
"CDD03.Tc.HFLF.5","HFLF","Tc","IL-12p70",0.170343215,"pg/mL","IL-12p70 (pg/mL)"
"CDD03.Tc.HFLF.5","HFLF","Tc","TNF-a",11.495301,"pg/mL","TNF-a (pg/mL)"
"CDD03.Tc.LFHF.4","LFHF","Tc","BUN",90.470076,"mg/dL","BUN (mg/dL)"
"CDD03.Tc.LFHF.4","LFHF","Tc","sCD14",16500.2835,"pg/mL","sCD14 (pg/mL)"
"CDD03.Tc.LFHF.4","LFHF","Tc","IFN-y",0.527415847,"pg/mL","IFN-y (pg/mL)"
"CDD03.Tc.LFHF.4","LFHF","Tc","IL-1B",0.68424526,"pg/mL","IL-1B (pg/mL)"
"CDD03.Tc.LFHF.4","LFHF","Tc","IL-2",0.461114408,"pg/mL","IL-2 (pg/mL)"
"CDD03.Tc.LFHF.4","LFHF","Tc","IL-4",0.026325606,"pg/mL","IL-4 (pg/mL)"
"CDD03.Tc.LFHF.4","LFHF","Tc","IL-5",2.425350944,"pg/mL","IL-5 (pg/mL)"
"CDD03.Tc.LFHF.4","LFHF","Tc","IL-6",6.39590818,"pg/mL","IL-6 (pg/mL)"
"CDD03.Tc.LFHF.4","LFHF","Tc","KC-GRO",43.78740628,"pg/mL","KC-GRO (pg/mL)"
"CDD03.Tc.LFHF.4","LFHF","Tc","IL-10",4.85370497,"pg/mL","IL-10 (pg/mL)"
"CDD03.Tc.LFHF.4","LFHF","Tc","IL-12p70",1.18191997,"pg/mL","IL-12p70 (pg/mL)"
"CDD03.Tc.LFHF.4","LFHF","Tc","TNF-a",6.776853974,"pg/mL","TNF-a (pg/mL)"
"CDD03.CR.HFLF.5","HFLF","CR","BUN",144.2601656,"mg/dL","BUN (mg/dL)"
"CDD03.CR.HFLF.5","HFLF","CR","sCD14",168513.525,"pg/mL","sCD14 (pg/mL)"
"CDD03.CR.HFLF.5","HFLF","CR","IFN-y",1.058699547,"pg/mL","IFN-y (pg/mL)"
"CDD03.CR.HFLF.5","HFLF","CR","IL-1B",15.62375209,"pg/mL","IL-1B (pg/mL)"
"CDD03.CR.HFLF.5","HFLF","CR","IL-2",5.82308221,"pg/mL","IL-2 (pg/mL)"
"CDD03.CR.HFLF.5","HFLF","CR","IL-4",1.422821436,"pg/mL","IL-4 (pg/mL)"
"CDD03.CR.HFLF.5","HFLF","CR","IL-5",2.539752333,"pg/mL","IL-5 (pg/mL)"
"CDD03.CR.HFLF.5","HFLF","CR","IL-6",581.8489656,"pg/mL","IL-6 (pg/mL)"
"CDD03.CR.HFLF.5","HFLF","CR","KC-GRO",796.3910893,"pg/mL","KC-GRO (pg/mL)"
"CDD03.CR.HFLF.5","HFLF","CR","IL-10",24.9952427,"pg/mL","IL-10 (pg/mL)"
"CDD03.CR.HFLF.5","HFLF","CR","IL-12p70",9.531816463,"pg/mL","IL-12p70 (pg/mL)"
"CDD03.CR.HFLF.5","HFLF","CR","TNF-a",30.03189756,"pg/mL","TNF-a (pg/mL)"
"CDD03.CR.LFHF.2","LFHF","CR","BUN",367.9343375,"mg/dL","BUN (mg/dL)"
"CDD03.CR.LFHF.2","LFHF","CR","sCD14",253438.5688,"pg/mL","sCD14 (pg/mL)"
"CDD03.CR.LFHF.2","LFHF","CR","IFN-y",0.272632499,"pg/mL","IFN-y (pg/mL)"
"CDD03.CR.LFHF.2","LFHF","CR","IL-1B",43.67001242,"pg/mL","IL-1B (pg/mL)"
"CDD03.CR.LFHF.2","LFHF","CR","IL-2",0.211182279,"pg/mL","IL-2 (pg/mL)"
"CDD03.CR.LFHF.2","LFHF","CR","IL-4",0.026325606,"pg/mL","IL-4 (pg/mL)"
"CDD03.CR.LFHF.2","LFHF","CR","IL-5",3.571540641,"pg/mL","IL-5 (pg/mL)"
"CDD03.CR.LFHF.2","LFHF","CR","IL-6",883.129975,"pg/mL","IL-6 (pg/mL)"
"CDD03.CR.LFHF.2","LFHF","CR","KC-GRO",1690.855196,"pg/mL","KC-GRO (pg/mL)"
"CDD03.CR.LFHF.2","LFHF","CR","IL-10",14.48322461,"pg/mL","IL-10 (pg/mL)"
"CDD03.CR.LFHF.2","LFHF","CR","IL-12p70",0.007661293,"pg/mL","IL-12p70 (pg/mL)"
"CDD03.CR.LFHF.2","LFHF","CR","TNF-a",24.16810638,"pg/mL","TNF-a (pg/mL)"
"CDD03.CR.LFHF.3","LFHF","CR","BUN",178.4236625,"mg/dL","BUN (mg/dL)"
"CDD03.CR.LFHF.3","LFHF","CR","sCD14",180632.5188,"pg/mL","sCD14 (pg/mL)"
"CDD03.CR.LFHF.3","LFHF","CR","IFN-y",0.519466686,"pg/mL","IFN-y (pg/mL)"
"CDD03.CR.LFHF.3","LFHF","CR","IL-1B",27.72008317,"pg/mL","IL-1B (pg/mL)"
"CDD03.CR.LFHF.3","LFHF","CR","IL-2",1.267520242,"pg/mL","IL-2 (pg/mL)"
"CDD03.CR.LFHF.3","LFHF","CR","IL-4",0.026325606,"pg/mL","IL-4 (pg/mL)"
"CDD03.CR.LFHF.3","LFHF","CR","IL-5",3.660588336,"pg/mL","IL-5 (pg/mL)"
"CDD03.CR.LFHF.3","LFHF","CR","IL-6",2008.760942,"pg/mL","IL-6 (pg/mL)"
"CDD03.CR.LFHF.3","LFHF","CR","KC-GRO",489.9845649,"pg/mL","KC-GRO (pg/mL)"
"CDD03.CR.LFHF.3","LFHF","CR","IL-10",416.2057386,"pg/mL","IL-10 (pg/mL)"
"CDD03.CR.LFHF.3","LFHF","CR","IL-12p70",3.761481169,"pg/mL","IL-12p70 (pg/mL)"
"CDD03.CR.LFHF.3","LFHF","CR","TNF-a",81.90452421,"pg/mL","TNF-a (pg/mL)"
"CDD03.CR.LFLF.4","LFLF","CR","BUN",73.03403372,"mg/dL","BUN (mg/dL)"
"CDD03.CR.LFLF.4","LFLF","CR","sCD14",101538.2791,"pg/mL","sCD14 (pg/mL)"
"CDD03.CR.LFLF.4","LFLF","CR","IFN-y",0.848796233,"pg/mL","IFN-y (pg/mL)"
"CDD03.CR.LFLF.4","LFLF","CR","IL-1B",9.10128493,"pg/mL","IL-1B (pg/mL)"
"CDD03.CR.LFLF.4","LFLF","CR","IL-2",1.271287701,"pg/mL","IL-2 (pg/mL)"
"CDD03.CR.LFLF.4","LFLF","CR","IL-4",0.026325606,"pg/mL","IL-4 (pg/mL)"
"CDD03.CR.LFLF.4","LFLF","CR","IL-5",21.56727872,"pg/mL","IL-5 (pg/mL)"
"CDD03.CR.LFLF.4","LFLF","CR","IL-6",556.4121744,"pg/mL","IL-6 (pg/mL)"
"CDD03.CR.LFLF.4","LFLF","CR","KC-GRO",218.2172659,"pg/mL","KC-GRO (pg/mL)"
"CDD03.CR.LFLF.4","LFLF","CR","IL-10",14.87849915,"pg/mL","IL-10 (pg/mL)"
"CDD03.CR.LFLF.4","LFLF","CR","IL-12p70",3.187971895,"pg/mL","IL-12p70 (pg/mL)"
"CDD03.CR.LFLF.4","LFLF","CR","TNF-a",22.16046683,"pg/mL","TNF-a (pg/mL)"
"CDD03.CR.LFHF.5","LFHF","CR","BUN",102.8772589,"mg/dL","BUN (mg/dL)"
"CDD03.CR.LFHF.5","LFHF","CR","sCD14",149614.2857,"pg/mL","sCD14 (pg/mL)"
"CDD03.CR.LFHF.5","LFHF","CR","IFN-y",0.127989534,"pg/mL","IFN-y (pg/mL)"
"CDD03.CR.LFHF.5","LFHF","CR","IL-1B",9.253072786,"pg/mL","IL-1B (pg/mL)"
"CDD03.CR.LFHF.5","LFHF","CR","IL-2",0.490308721,"pg/mL","IL-2 (pg/mL)"
"CDD03.CR.LFHF.5","LFHF","CR","IL-4",0.026325606,"pg/mL","IL-4 (pg/mL)"
"CDD03.CR.LFHF.5","LFHF","CR","IL-5",0.730729374,"pg/mL","IL-5 (pg/mL)"
"CDD03.CR.LFHF.5","LFHF","CR","IL-6",271.7201936,"pg/mL","IL-6 (pg/mL)"
"CDD03.CR.LFHF.5","LFHF","CR","KC-GRO",219.6719142,"pg/mL","KC-GRO (pg/mL)"
"CDD03.CR.LFHF.5","LFHF","CR","IL-10",14.66031848,"pg/mL","IL-10 (pg/mL)"
"CDD03.CR.LFHF.5","LFHF","CR","IL-12p70",0.007661293,"pg/mL","IL-12p70 (pg/mL)"
"CDD03.CR.LFHF.5","LFHF","CR","TNF-a",16.51505682,"pg/mL","TNF-a (pg/mL)"
"CDD03.CR.LFLF.3","LFLF","CR","BUN",92.82165882,"mg/dL","BUN (mg/dL)"
"CDD03.CR.LFLF.3","LFLF","CR","sCD14",250066.5353,"pg/mL","sCD14 (pg/mL)"
"CDD03.CR.LFLF.3","LFLF","CR","IFN-y",0.247622657,"pg/mL","IFN-y (pg/mL)"
"CDD03.CR.LFLF.3","LFLF","CR","IL-1B",29.50908065,"pg/mL","IL-1B (pg/mL)"
"CDD03.CR.LFLF.3","LFLF","CR","IL-2",0.651589133,"pg/mL","IL-2 (pg/mL)"
"CDD03.CR.LFLF.3","LFLF","CR","IL-4",0.026325606,"pg/mL","IL-4 (pg/mL)"
"CDD03.CR.LFLF.3","LFLF","CR","IL-5",4.3920902,"pg/mL","IL-5 (pg/mL)"
"CDD03.CR.LFLF.3","LFLF","CR","IL-6",1397.465735,"pg/mL","IL-6 (pg/mL)"
"CDD03.CR.LFLF.3","LFLF","CR","KC-GRO",1132.226941,"pg/mL","KC-GRO (pg/mL)"
"CDD03.CR.LFLF.3","LFLF","CR","IL-10",171.7282462,"pg/mL","IL-10 (pg/mL)"
"CDD03.CR.LFLF.3","LFLF","CR","IL-12p70",0.007661293,"pg/mL","IL-12p70 (pg/mL)"
"CDD03.CR.LFLF.3","LFLF","CR","TNF-a",30.00207642,"pg/mL","TNF-a (pg/mL)"
"CDD03.Tc.LFLF.5","LFLF","Tc","BUN",143.8200724,"mg/dL","BUN (mg/dL)"
"CDD03.Tc.LFLF.5","LFLF","Tc","sCD14",207987.9388,"pg/mL","sCD14 (pg/mL)"
"CDD03.Tc.LFLF.5","LFLF","Tc","IFN-y",2.259654578,"pg/mL","IFN-y (pg/mL)"
"CDD03.Tc.LFLF.5","LFLF","Tc","IL-1B",13.94664617,"pg/mL","IL-1B (pg/mL)"
"CDD03.Tc.LFLF.5","LFLF","Tc","IL-2",9.559285342,"pg/mL","IL-2 (pg/mL)"
"CDD03.Tc.LFLF.5","LFLF","Tc","IL-4",0.026325606,"pg/mL","IL-4 (pg/mL)"
"CDD03.Tc.LFLF.5","LFLF","Tc","IL-5",3.368468253,"pg/mL","IL-5 (pg/mL)"
"CDD03.Tc.LFLF.5","LFLF","Tc","IL-6",1391.880459,"pg/mL","IL-6 (pg/mL)"
"CDD03.Tc.LFLF.5","LFLF","Tc","KC-GRO",891.9246456,"pg/mL","KC-GRO (pg/mL)"
"CDD03.Tc.LFLF.5","LFLF","Tc","IL-10",29.31396257,"pg/mL","IL-10 (pg/mL)"
"CDD03.Tc.LFLF.5","LFLF","Tc","IL-12p70",0.007661293,"pg/mL","IL-12p70 (pg/mL)"
"CDD03.Tc.LFLF.5","LFLF","Tc","TNF-a",30.78539155,"pg/mL","TNF-a (pg/mL)"
"CDD03.CR.HFLF.2","HFLF","CR","BUN",57.69991892,"mg/dL","BUN (mg/dL)"
"CDD03.CR.HFLF.2","HFLF","CR","sCD14",84647.23378,"pg/mL","sCD14 (pg/mL)"
"CDD03.CR.HFLF.2","HFLF","CR","IFN-y",1.762115899,"pg/mL","IFN-y (pg/mL)"
"CDD03.CR.HFLF.2","HFLF","CR","IL-1B",7.297256108,"pg/mL","IL-1B (pg/mL)"
"CDD03.CR.HFLF.2","HFLF","CR","IL-2",0.299378791,"pg/mL","IL-2 (pg/mL)"
"CDD03.CR.HFLF.2","HFLF","CR","IL-4",0.187594267,"pg/mL","IL-4 (pg/mL)"
"CDD03.CR.HFLF.2","HFLF","CR","IL-5",2.595953176,"pg/mL","IL-5 (pg/mL)"
"CDD03.CR.HFLF.2","HFLF","CR","IL-6",1154.738616,"pg/mL","IL-6 (pg/mL)"
"CDD03.CR.HFLF.2","HFLF","CR","KC-GRO",143.3737375,"pg/mL","KC-GRO (pg/mL)"
"CDD03.CR.HFLF.2","HFLF","CR","IL-10",22.6480117,"pg/mL","IL-10 (pg/mL)"
"CDD03.CR.HFLF.2","HFLF","CR","IL-12p70",2.650649394,"pg/mL","IL-12p70 (pg/mL)"
"CDD03.CR.HFLF.2","HFLF","CR","TNF-a",11.80912318,"pg/mL","TNF-a (pg/mL)"
"CDD03.CR.LFLF.1","LFLF","CR","BUN",197.5974091,"mg/dL","BUN (mg/dL)"
"CDD03.CR.LFLF.1","LFLF","CR","sCD14",205599.3443,"pg/mL","sCD14 (pg/mL)"
"CDD03.CR.LFLF.1","LFLF","CR","IFN-y",3.144585135,"pg/mL","IFN-y (pg/mL)"
"CDD03.CR.LFLF.1","LFLF","CR","IL-1B",3.643871682,"pg/mL","IL-1B (pg/mL)"
"CDD03.CR.LFLF.1","LFLF","CR","IL-2",3.469992077,"pg/mL","IL-2 (pg/mL)"
"CDD03.CR.LFLF.1","LFLF","CR","IL-4",0.026325606,"pg/mL","IL-4 (pg/mL)"
"CDD03.CR.LFLF.1","LFLF","CR","IL-5",2.561353262,"pg/mL","IL-5 (pg/mL)"
"CDD03.CR.LFLF.1","LFLF","CR","IL-6",1108.574423,"pg/mL","IL-6 (pg/mL)"
"CDD03.CR.LFLF.1","LFLF","CR","KC-GRO",458.6665656,"pg/mL","KC-GRO (pg/mL)"
"CDD03.CR.LFLF.1","LFLF","CR","IL-10",24.59657973,"pg/mL","IL-10 (pg/mL)"
"CDD03.CR.LFLF.1","LFLF","CR","IL-12p70",10.84525947,"pg/mL","IL-12p70 (pg/mL)"
"CDD03.CR.LFLF.1","LFLF","CR","TNF-a",47.48227803,"pg/mL","TNF-a (pg/mL)"
"CDD03.CR.LFLF.2","LFLF","CR","BUN",86.47071053,"mg/dL","BUN (mg/dL)"
"CDD03.CR.LFLF.2","LFLF","CR","sCD14",130963.5039,"pg/mL","sCD14 (pg/mL)"
"CDD03.CR.LFLF.2","LFLF","CR","IFN-y",1.063251207,"pg/mL","IFN-y (pg/mL)"
"CDD03.CR.LFLF.2","LFLF","CR","IL-1B",6.234177474,"pg/mL","IL-1B (pg/mL)"
"CDD03.CR.LFLF.2","LFLF","CR","IL-2",0.167611267,"pg/mL","IL-2 (pg/mL)"
"CDD03.CR.LFLF.2","LFLF","CR","IL-4",0.855903708,"pg/mL","IL-4 (pg/mL)"
"CDD03.CR.LFLF.2","LFLF","CR","IL-5",2.744818035,"pg/mL","IL-5 (pg/mL)"
"CDD03.CR.LFLF.2","LFLF","CR","IL-6",146.0914279,"pg/mL","IL-6 (pg/mL)"
"CDD03.CR.LFLF.2","LFLF","CR","KC-GRO",602.9816128,"pg/mL","KC-GRO (pg/mL)"
"CDD03.CR.LFLF.2","LFLF","CR","IL-10",24.97587902,"pg/mL","IL-10 (pg/mL)"
"CDD03.CR.LFLF.2","LFLF","CR","IL-12p70",3.315367398,"pg/mL","IL-12p70 (pg/mL)"
"CDD03.CR.LFLF.2","LFLF","CR","TNF-a",28.22479342,"pg/mL","TNF-a (pg/mL)"
"CDD03.CR.HFLF.4","HFLF","CR","BUN",325.9068333,"mg/dL","BUN (mg/dL)"
"CDD03.CR.HFLF.4","HFLF","CR","sCD14",293988.6938,"pg/mL","sCD14 (pg/mL)"
"CDD03.CR.HFLF.4","HFLF","CR","IFN-y",1.092385668,"pg/mL","IFN-y (pg/mL)"
"CDD03.CR.HFLF.4","HFLF","CR","IL-1B",6.153382667,"pg/mL","IL-1B (pg/mL)"
"CDD03.CR.HFLF.4","HFLF","CR","IL-2",1.421038044,"pg/mL","IL-2 (pg/mL)"
"CDD03.CR.HFLF.4","HFLF","CR","IL-4",0.118265931,"pg/mL","IL-4 (pg/mL)"
"CDD03.CR.HFLF.4","HFLF","CR","IL-5",3.288090332,"pg/mL","IL-5 (pg/mL)"
"CDD03.CR.HFLF.4","HFLF","CR","IL-6",650.5341142,"pg/mL","IL-6 (pg/mL)"
"CDD03.CR.HFLF.4","HFLF","CR","KC-GRO",825.2831084,"pg/mL","KC-GRO (pg/mL)"
"CDD03.CR.HFLF.4","HFLF","CR","IL-10",163.4168662,"pg/mL","IL-10 (pg/mL)"
"CDD03.CR.HFLF.4","HFLF","CR","IL-12p70",0.709763397,"pg/mL","IL-12p70 (pg/mL)"
"CDD03.CR.HFLF.4","HFLF","CR","TNF-a",34.14831543,"pg/mL","TNF-a (pg/mL)"
"CDD03.Tc.LFLF.3","LFLF","Tc","BUN",263.1878125,"mg/dL","BUN (mg/dL)"
"CDD03.Tc.LFLF.3","LFLF","Tc","sCD14",303987.9141,"pg/mL","sCD14 (pg/mL)"
"CDD03.Tc.LFLF.3","LFLF","Tc","IFN-y",1.20193738,"pg/mL","IFN-y (pg/mL)"
"CDD03.Tc.LFLF.3","LFLF","Tc","IL-1B",7.925561313,"pg/mL","IL-1B (pg/mL)"
"CDD03.Tc.LFLF.3","LFLF","Tc","IL-2",5.620554527,"pg/mL","IL-2 (pg/mL)"
"CDD03.Tc.LFLF.3","LFLF","Tc","IL-4",0.557645489,"pg/mL","IL-4 (pg/mL)"
"CDD03.Tc.LFLF.3","LFLF","Tc","IL-5",0.204635942,"pg/mL","IL-5 (pg/mL)"
"CDD03.Tc.LFLF.3","LFLF","Tc","IL-6",250.1128144,"pg/mL","IL-6 (pg/mL)"
"CDD03.Tc.LFLF.3","LFLF","Tc","KC-GRO",665.3882871,"pg/mL","KC-GRO (pg/mL)"
"CDD03.Tc.LFLF.3","LFLF","Tc","IL-10",18.83343659,"pg/mL","IL-10 (pg/mL)"
"CDD03.Tc.LFLF.3","LFLF","Tc","IL-12p70",3.936998785,"pg/mL","IL-12p70 (pg/mL)"
"CDD03.Tc.LFLF.3","LFLF","Tc","TNF-a",41.49224271,"pg/mL","TNF-a (pg/mL)"
"CDD03.CR.LFLF.5","LFLF","CR","BUN",346.8433,"mg/dL","BUN (mg/dL)"
"CDD03.CR.LFLF.5","LFLF","CR","sCD14",360527.82,"pg/mL","sCD14 (pg/mL)"
"CDD03.CR.LFLF.5","LFLF","CR","IFN-y",0.02020846,"pg/mL","IFN-y (pg/mL)"
"CDD03.CR.LFLF.5","LFLF","CR","IL-1B",2.8391546,"pg/mL","IL-1B (pg/mL)"
"CDD03.CR.LFLF.5","LFLF","CR","IL-2",3.848128572,"pg/mL","IL-2 (pg/mL)"
"CDD03.CR.LFLF.5","LFLF","CR","IL-4",0.026325606,"pg/mL","IL-4 (pg/mL)"
"CDD03.CR.LFLF.5","LFLF","CR","IL-5",0.102317971,"pg/mL","IL-5 (pg/mL)"
"CDD03.CR.LFLF.5","LFLF","CR","IL-6",229.291411,"pg/mL","IL-6 (pg/mL)"
"CDD03.CR.LFLF.5","LFLF","CR","KC-GRO",727.0701914,"pg/mL","KC-GRO (pg/mL)"
"CDD03.CR.LFLF.5","LFLF","CR","IL-10",17.95110458,"pg/mL","IL-10 (pg/mL)"
"CDD03.CR.LFLF.5","LFLF","CR","IL-12p70",0.007661293,"pg/mL","IL-12p70 (pg/mL)"
"CDD03.CR.LFLF.5","LFLF","CR","TNF-a",24.10324415,"pg/mL","TNF-a (pg/mL)"
"CDD03.Tc.HFLF.2","HFLF","Tc","BUN",52.37252439,"mg/dL","BUN (mg/dL)"
"CDD03.Tc.HFLF.2","HFLF","Tc","sCD14",118629.4299,"pg/mL","sCD14 (pg/mL)"
"CDD03.Tc.HFLF.2","HFLF","Tc","IFN-y",0.358901736,"pg/mL","IFN-y (pg/mL)"
"CDD03.Tc.HFLF.2","HFLF","Tc","IL-1B",6.488497024,"pg/mL","IL-1B (pg/mL)"
"CDD03.Tc.HFLF.2","HFLF","Tc","IL-2",0.302485614,"pg/mL","IL-2 (pg/mL)"
"CDD03.Tc.HFLF.2","HFLF","Tc","IL-4",0.026325606,"pg/mL","IL-4 (pg/mL)"
"CDD03.Tc.HFLF.2","HFLF","Tc","IL-5",1.456048907,"pg/mL","IL-5 (pg/mL)"
"CDD03.Tc.HFLF.2","HFLF","Tc","IL-6",802.7826927,"pg/mL","IL-6 (pg/mL)"
"CDD03.Tc.HFLF.2","HFLF","Tc","KC-GRO",704.6066477,"pg/mL","KC-GRO (pg/mL)"
"CDD03.Tc.HFLF.2","HFLF","Tc","IL-10",10.03319436,"pg/mL","IL-10 (pg/mL)"
"CDD03.Tc.HFLF.2","HFLF","Tc","IL-12p70",0.302435861,"pg/mL","IL-12p70 (pg/mL)"
"CDD03.Tc.HFLF.2","HFLF","Tc","TNF-a",17.5654287,"pg/mL","TNF-a (pg/mL)"
"CDD03.Tc.LFLF.1","LFLF","Tc","BUN",57.70769767,"mg/dL","BUN (mg/dL)"
"CDD03.Tc.LFLF.1","LFLF","Tc","sCD14",57404.65465,"pg/mL","sCD14 (pg/mL)"
"CDD03.Tc.LFLF.1","LFLF","Tc","IFN-y",0.297391425,"pg/mL","IFN-y (pg/mL)"
"CDD03.Tc.LFLF.1","LFLF","Tc","IL-1B",1.358830465,"pg/mL","IL-1B (pg/mL)"
"CDD03.Tc.LFLF.1","LFLF","Tc","IL-2",0.226841262,"pg/mL","IL-2 (pg/mL)"
"CDD03.Tc.LFLF.1","LFLF","Tc","IL-4",0.026325606,"pg/mL","IL-4 (pg/mL)"
"CDD03.Tc.LFLF.1","LFLF","Tc","IL-5",0.89778302,"pg/mL","IL-5 (pg/mL)"
"CDD03.Tc.LFLF.1","LFLF","Tc","IL-6",41.40921907,"pg/mL","IL-6 (pg/mL)"
"CDD03.Tc.LFLF.1","LFLF","Tc","KC-GRO",81.16393727,"pg/mL","KC-GRO (pg/mL)"
"CDD03.Tc.LFLF.1","LFLF","Tc","IL-10",7.434770996,"pg/mL","IL-10 (pg/mL)"
"CDD03.Tc.LFLF.1","LFLF","Tc","IL-12p70",0.007661293,"pg/mL","IL-12p70 (pg/mL)"
"CDD03.Tc.LFLF.1","LFLF","Tc","TNF-a",9.510612116,"pg/mL","TNF-a (pg/mL)"
"CDD03.CR.HFLF.3","HFLF","CR","BUN",118.8117,"mg/dL","BUN (mg/dL)"
"CDD03.CR.HFLF.3","HFLF","CR","sCD14",325285.96,"pg/mL","sCD14 (pg/mL)"
"CDD03.CR.HFLF.3","HFLF","CR","IFN-y",0.639316327,"pg/mL","IFN-y (pg/mL)"
"CDD03.CR.HFLF.3","HFLF","CR","IL-1B",8.4110142,"pg/mL","IL-1B (pg/mL)"
"CDD03.CR.HFLF.3","HFLF","CR","IL-2",0.034461708,"pg/mL","IL-2 (pg/mL)"
"CDD03.CR.HFLF.3","HFLF","CR","IL-4",0.137142047,"pg/mL","IL-4 (pg/mL)"
"CDD03.CR.HFLF.3","HFLF","CR","IL-5",1.069762875,"pg/mL","IL-5 (pg/mL)"
"CDD03.CR.HFLF.3","HFLF","CR","IL-6",1098.655993,"pg/mL","IL-6 (pg/mL)"
"CDD03.CR.HFLF.3","HFLF","CR","KC-GRO",939.4763379,"pg/mL","KC-GRO (pg/mL)"
"CDD03.CR.HFLF.3","HFLF","CR","IL-10",27.54033466,"pg/mL","IL-10 (pg/mL)"
"CDD03.CR.HFLF.3","HFLF","CR","IL-12p70",0.007661293,"pg/mL","IL-12p70 (pg/mL)"
"CDD03.CR.HFLF.3","HFLF","CR","TNF-a",27.70287941,"pg/mL","TNF-a (pg/mL)"
"CDD02.CR.HFLF.3","HFLF","CR","BUN",40.55721622,"mg/dL","BUN (mg/dL)"
"CDD02.CR.HFLF.3","HFLF","CR","sCD14",19846.73919,"pg/mL","sCD14 (pg/mL)"
"CDD02.CR.HFLF.3","HFLF","CR","IFN-y",1.618811663,"pg/mL","IFN-y (pg/mL)"
"CDD02.CR.HFLF.3","HFLF","CR","IL-1B",2.098192892,"pg/mL","IL-1B (pg/mL)"
"CDD02.CR.HFLF.3","HFLF","CR","IL-2",2.761675501,"pg/mL","IL-2 (pg/mL)"
"CDD02.CR.HFLF.3","HFLF","CR","IL-4",0.026325606,"pg/mL","IL-4 (pg/mL)"
"CDD02.CR.HFLF.3","HFLF","CR","IL-5",8.88054975,"pg/mL","IL-5 (pg/mL)"
"CDD02.CR.HFLF.3","HFLF","CR","IL-6",236.5150232,"pg/mL","IL-6 (pg/mL)"
"CDD02.CR.HFLF.3","HFLF","CR","KC-GRO",172.1558871,"pg/mL","KC-GRO (pg/mL)"
"CDD02.CR.HFLF.3","HFLF","CR","IL-10",32.4303799,"pg/mL","IL-10 (pg/mL)"
"CDD02.CR.HFLF.3","HFLF","CR","IL-12p70",0.007661293,"pg/mL","IL-12p70 (pg/mL)"
"CDD02.CR.HFLF.3","HFLF","CR","TNF-a",19.5305151,"pg/mL","TNF-a (pg/mL)"
"CDD02.Tc.HFLF.3","HFLF","Tc","BUN",46.472685,"mg/dL","BUN (mg/dL)"
"CDD02.Tc.HFLF.3","HFLF","Tc","sCD14",7829.9295,"pg/mL","sCD14 (pg/mL)"
"CDD02.Tc.HFLF.3","HFLF","Tc","IFN-y",0.449411794,"pg/mL","IFN-y (pg/mL)"
"CDD02.Tc.HFLF.3","HFLF","Tc","IL-1B",1.4515585,"pg/mL","IL-1B (pg/mL)"
"CDD02.Tc.HFLF.3","HFLF","Tc","IL-2",0.274572883,"pg/mL","IL-2 (pg/mL)"
"CDD02.Tc.HFLF.3","HFLF","Tc","IL-4",0.026325606,"pg/mL","IL-4 (pg/mL)"
"CDD02.Tc.HFLF.3","HFLF","Tc","IL-5",26.09247983,"pg/mL","IL-5 (pg/mL)"
"CDD02.Tc.HFLF.3","HFLF","Tc","IL-6",12.28291224,"pg/mL","IL-6 (pg/mL)"
"CDD02.Tc.HFLF.3","HFLF","Tc","KC-GRO",18.64597655,"pg/mL","KC-GRO (pg/mL)"
"CDD02.Tc.HFLF.3","HFLF","Tc","IL-10",7.660208457,"pg/mL","IL-10 (pg/mL)"
"CDD02.Tc.HFLF.3","HFLF","Tc","IL-12p70",0.007661293,"pg/mL","IL-12p70 (pg/mL)"
"CDD02.Tc.HFLF.3","HFLF","Tc","TNF-a",7.51984128,"pg/mL","TNF-a (pg/mL)"
"CDD02.Tc.LFHF.1","LFHF","Tc","BUN",51.794451,"mg/dL","BUN (mg/dL)"
"CDD02.Tc.LFHF.1","LFHF","Tc","sCD14",16942.6485,"pg/mL","sCD14 (pg/mL)"
"CDD02.Tc.LFHF.1","LFHF","Tc","IFN-y",0.449411794,"pg/mL","IFN-y (pg/mL)"
"CDD02.Tc.LFHF.1","LFHF","Tc","IL-1B",2.54905732,"pg/mL","IL-1B (pg/mL)"
"CDD02.Tc.LFHF.1","LFHF","Tc","IL-2",0.823466895,"pg/mL","IL-2 (pg/mL)"
"CDD02.Tc.LFHF.1","LFHF","Tc","IL-4",0.224932053,"pg/mL","IL-4 (pg/mL)"
"CDD02.Tc.LFHF.1","LFHF","Tc","IL-5",3.976417567,"pg/mL","IL-5 (pg/mL)"
"CDD02.Tc.LFHF.1","LFHF","Tc","IL-6",10.87720408,"pg/mL","IL-6 (pg/mL)"
"CDD02.Tc.LFHF.1","LFHF","Tc","KC-GRO",57.27316447,"pg/mL","KC-GRO (pg/mL)"
"CDD02.Tc.LFHF.1","LFHF","Tc","IL-10",8.785157058,"pg/mL","IL-10 (pg/mL)"
"CDD02.Tc.LFHF.1","LFHF","Tc","IL-12p70",1.259839611,"pg/mL","IL-12p70 (pg/mL)"
"CDD02.Tc.LFHF.1","LFHF","Tc","TNF-a",9.888934474,"pg/mL","TNF-a (pg/mL)"
"CDD02.CR.HFHF.5","HFHF","CR","BUN",56.91185,"mg/dL","BUN (mg/dL)"
"CDD02.CR.HFHF.5","HFHF","CR","sCD14",14075.35455,"pg/mL","sCD14 (pg/mL)"
"CDD02.CR.HFHF.5","HFHF","CR","IFN-y",0.455657209,"pg/mL","IFN-y (pg/mL)"
"CDD02.CR.HFHF.5","HFHF","CR","IL-1B",0.878861364,"pg/mL","IL-1B (pg/mL)"
"CDD02.CR.HFHF.5","HFHF","CR","IL-2",0.698658194,"pg/mL","IL-2 (pg/mL)"
"CDD02.CR.HFHF.5","HFHF","CR","IL-4",0.052651212,"pg/mL","IL-4 (pg/mL)"
"CDD02.CR.HFHF.5","HFHF","CR","IL-5",2.111912954,"pg/mL","IL-5 (pg/mL)"
"CDD02.CR.HFHF.5","HFHF","CR","IL-6",7.843643273,"pg/mL","IL-6 (pg/mL)"
"CDD02.CR.HFHF.5","HFHF","CR","KC-GRO",56.5357475,"pg/mL","KC-GRO (pg/mL)"
"CDD02.CR.HFHF.5","HFHF","CR","IL-10",23.77813244,"pg/mL","IL-10 (pg/mL)"
"CDD02.CR.HFHF.5","HFHF","CR","IL-12p70",0.007661293,"pg/mL","IL-12p70 (pg/mL)"
"CDD02.CR.HFHF.5","HFHF","CR","TNF-a",11.56862219,"pg/mL","TNF-a (pg/mL)"
"CDD02.Tc.HFHF.2","HFHF","Tc","BUN",54.393453,"mg/dL","BUN (mg/dL)"
"CDD02.Tc.HFHF.2","HFHF","Tc","sCD14",13049.8365,"pg/mL","sCD14 (pg/mL)"
"CDD02.Tc.HFHF.2","HFHF","Tc","IFN-y",0.657940019,"pg/mL","IFN-y (pg/mL)"
"CDD02.Tc.HFHF.2","HFHF","Tc","IL-1B",1.27523532,"pg/mL","IL-1B (pg/mL)"
"CDD02.Tc.HFHF.2","HFHF","Tc","IL-2",0.810002204,"pg/mL","IL-2 (pg/mL)"
"CDD02.Tc.HFHF.2","HFHF","Tc","IL-4",0.112541276,"pg/mL","IL-4 (pg/mL)"
"CDD02.Tc.HFHF.2","HFHF","Tc","IL-5",3.532096427,"pg/mL","IL-5 (pg/mL)"
"CDD02.Tc.HFHF.2","HFHF","Tc","IL-6",8.8107899,"pg/mL","IL-6 (pg/mL)"
"CDD02.Tc.HFHF.2","HFHF","Tc","KC-GRO",45.63059488,"pg/mL","KC-GRO (pg/mL)"
"CDD02.Tc.HFHF.2","HFHF","Tc","IL-10",12.72602582,"pg/mL","IL-10 (pg/mL)"
"CDD02.Tc.HFHF.2","HFHF","Tc","IL-12p70",0.714638968,"pg/mL","IL-12p70 (pg/mL)"
"CDD02.Tc.HFHF.2","HFHF","Tc","TNF-a",11.29882228,"pg/mL","TNF-a (pg/mL)"
"CDD02.CR.HFLF.2","HFLF","CR","BUN",60.024624,"mg/dL","BUN (mg/dL)"
"CDD02.CR.HFLF.2","HFLF","CR","sCD14",15350.1345,"pg/mL","sCD14 (pg/mL)"
"CDD02.CR.HFLF.2","HFLF","CR","IFN-y",0.743076385,"pg/mL","IFN-y (pg/mL)"
"CDD02.CR.HFLF.2","HFLF","CR","IL-1B",1.01863248,"pg/mL","IL-1B (pg/mL)"
"CDD02.CR.HFLF.2","HFLF","CR","IL-2",1.228568057,"pg/mL","IL-2 (pg/mL)"
"CDD02.CR.HFLF.2","HFLF","CR","IL-4",0.026325606,"pg/mL","IL-4 (pg/mL)"
"CDD02.CR.HFLF.2","HFLF","CR","IL-5",7.958072976,"pg/mL","IL-5 (pg/mL)"
"CDD02.CR.HFLF.2","HFLF","CR","IL-6",4.28382018,"pg/mL","IL-6 (pg/mL)"
"CDD02.CR.HFLF.2","HFLF","CR","KC-GRO",62.91162192,"pg/mL","KC-GRO (pg/mL)"
"CDD02.CR.HFLF.2","HFLF","CR","IL-10",22.40044586,"pg/mL","IL-10 (pg/mL)"
"CDD02.CR.HFLF.2","HFLF","CR","IL-12p70",0.015322586,"pg/mL","IL-12p70 (pg/mL)"
"CDD02.CR.HFLF.2","HFLF","CR","TNF-a",12.52590737,"pg/mL","TNF-a (pg/mL)"
